,cluster
219620,1
132821,1
151862,1
139717,1
239235,1
68060,3
34035,1
159729,1
144332,1
228468,1
133226,1
27130,1
122786,1
159238,1
192865,1
185246,1
54451,1
244037,2
6469,1
110822,1
94787,1
69379,1
156206,1
190054,1
84444,0
76038,1
19390,1
132540,1
204342,1
47714,3
231200,1
15125,1
54736,1
94177,1
28596,1
250300,1
162233,1
185295,1
171893,1
39671,1
48851,1
118344,0
97980,1
142187,1
207737,1
225636,1
106583,1
217292,3
125525,1
206054,1
144724,1
222675,1
210152,1
95261,1
209448,1
200536,1
223645,1
27636,1
163406,1
220453,1
79537,1
110742,1
149133,1
252177,1
194305,1
98726,1
134250,1
135893,1
190381,1
68258,1
162796,1
49432,0
3930,1
162740,1
251849,1
237446,1
90953,1
31734,2
179908,1
206313,1
78056,1
33255,1
108337,1
130844,1
107618,1
219898,1
57811,1
157898,1
106909,2
188410,1
35024,1
26446,1
161230,1
45336,3
158416,1
22059,1
1696,1
189874,1
131080,1
100564,1
59125,1
219901,1
199435,1
8421,1
136181,1
187234,3
88381,1
14106,1
195950,1
58412,1
62834,1
222664,1
49442,1
127042,1
144077,1
76070,1
99149,1
146070,1
1197,1
198130,1
33612,1
224734,1
63847,1
111405,1
245030,1
63863,1
18336,1
13716,1
235138,1
146178,1
209713,1
202173,1
41162,2
171404,1
103233,0
91876,1
146852,3
134323,1
190985,1
99708,1
155952,0
209067,1
218395,1
79316,1
109230,1
23044,1
199954,3
163060,1
175249,1
162078,1
253135,1
204525,1
31865,1
253464,2
210636,1
98784,1
231565,1
147109,1
8839,0
127352,1
87547,1
128893,1
40099,1
202400,1
39803,1
103407,1
31038,1
245412,1
227831,1
194558,1
44836,1
88993,0
103791,1
39175,1
237038,1
167081,1
114070,1
207967,1
84747,1
198523,1
52972,1
231218,1
241784,1
224874,1
159604,1
213285,1
20218,1
147986,1
86193,1
52039,1
7802,1
247785,1
218831,1
244987,1
54403,1
226902,1
219985,1
204687,1
174246,1
206923,1
213034,1
205256,1
715,1
103711,1
189061,1
68962,1
249723,1
42969,1
57456,1
205344,1
47154,1
202823,1
118940,1
153300,1
108635,1
44284,0
188537,1
48126,1
8655,1
46317,1
122642,1
84233,1
222341,1
13037,1
32513,1
87625,1
115909,1
95284,1
182053,1
168338,1
223577,1
214452,1
66086,1
249678,1
94212,1
222080,1
235451,1
192266,1
167347,1
239507,1
75895,1
203783,1
212719,1
139202,1
22214,1
250413,2
109234,1
31906,1
219962,1
202532,1
239182,0
167675,1
62940,0
83643,1
161526,1
124850,1
97835,1
9061,1
215145,1
141008,3
184997,3
144630,1
49785,1
12415,1
95811,1
140325,1
15424,1
144046,1
65172,1
246053,1
44298,1
238353,1
153518,3
230854,1
240722,1
34770,1
46570,1
247932,1
253009,1
86131,3
155474,1
68511,1
224436,1
217356,1
46530,1
186675,1
143483,1
119740,1
122018,2
168387,1
106431,1
177716,1
135054,1
35393,1
102691,1
66848,1
175615,2
251442,1
215961,1
126974,1
25606,1
11650,1
49154,1
54053,3
189204,1
217549,1
152208,1
39691,1
176891,3
27874,1
228543,1
148435,1
240358,1
145226,1
129596,2
172021,1
108466,1
159334,1
128607,1
246792,1
89035,1
174119,1
124216,1
94496,1
247601,1
33682,0
202186,3
54271,1
80307,1
159134,1
116913,1
217111,1
96234,1
79801,1
242475,1
227023,1
63307,1
175802,1
188650,1
56225,1
61389,0
159983,1
176395,1
15413,1
99631,1
224645,1
59940,1
109661,1
111797,1
176937,3
95723,1
188744,1
133279,1
57664,0
34113,1
47360,2
99136,1
102070,1
236793,1
114956,0
182002,1
11119,1
154003,1
162878,1
183135,1
35795,1
139996,1
20629,1
78622,1
185489,1
5810,2
175822,1
107411,1
231250,1
143253,1
57510,1
180942,1
141851,1
2913,1
191955,1
235974,1
201116,2
68865,1
30386,1
96435,1
130667,1
102144,1
29524,1
91899,1
186698,1
22395,1
191924,1
175834,1
159656,1
144556,1
218754,1
31022,1
156672,1
186931,1
18381,3
47088,1
78827,1
22684,1
39326,1
170022,1
84144,1
235895,1
36353,1
30596,1
29886,1
179942,1
52213,1
25027,1
200763,1
228009,1
250541,1
107210,1
23712,1
11011,1
4598,3
155529,1
149420,1
62446,1
246338,1
221619,1
239941,1
31878,3
91697,1
58516,0
152071,1
141251,1
232514,1
244896,0
173280,1
210390,1
119626,1
101899,1
208515,1
219439,1
241966,1
98871,1
73378,3
222962,1
200081,1
104452,1
124622,1
7221,1
24323,1
44611,1
155820,1
186610,1
155592,1
181527,1
125973,1
17318,1
19319,1
55592,1
215299,1
175166,1
1069,1
23366,1
182581,1
90424,1
140890,1
170794,1
209972,1
55920,1
185971,1
85893,1
59579,1
150940,1
130743,1
163960,1
55102,3
251144,1
2449,1
136910,1
86552,1
251532,1
188720,2
231651,1
170028,1
61512,1
229796,1
89697,1
184865,1
179465,1
136462,3
203512,1
10481,1
200893,1
53809,1
128644,1
28075,1
173682,1
210970,1
117445,1
150808,1
131920,1
114408,1
51918,1
53344,0
170592,1
18575,1
13136,1
218891,1
17706,1
223092,1
237305,1
171058,1
191633,1
111378,1
153050,1
32715,1
242416,1
171766,1
108713,1
157983,1
114995,1
158665,3
138971,0
127396,1
13538,1
240856,1
27505,3
113412,1
196481,1
112730,1
172680,1
187621,1
223395,1
197985,1
180002,0
65100,1
6124,0
73576,1
179016,1
499,1
40380,3
109246,1
151427,1
202333,1
145523,1
103354,1
164977,1
244867,0
59877,1
240486,1
90996,1
118988,1
210453,1
117364,1
63439,1
34548,1
97265,1
63042,1
49042,1
198514,1
153247,1
144047,1
182641,1
57075,1
217454,1
111883,1
115885,1
248490,1
105972,1
174283,1
146484,1
108143,1
180477,1
251353,1
28870,1
216725,1
184519,1
78556,1
206189,1
30601,1
109064,1
23369,1
224947,2
164753,1
31525,1
62043,1
218813,1
32990,0
130207,1
211622,1
18517,1
65962,1
244499,1
233340,1
80673,2
17908,1
221240,1
21096,1
67071,1
55827,1
210350,1
8665,1
98581,1
96531,1
249538,1
242767,1
73682,1
135421,1
209973,1
197934,1
163220,1
149918,1
246696,1
73613,1
242484,0
158802,1
66532,1
31738,1
174173,1
223502,1
220056,1
99418,1
234518,1
203986,1
80133,0
182476,1
210628,1
95014,1
192754,1
130162,1
48240,1
37526,1
216800,1
30818,1
23340,0
152060,1
110399,1
4361,1
106215,1
197211,2
68011,1
101087,1
121894,1
142374,1
152283,1
191472,1
230599,1
231593,1
22619,1
155718,3
795,1
177956,1
135262,1
151703,1
51410,1
112426,1
113162,1
34117,1
37801,1
212898,1
48195,0
104036,1
242914,1
45564,1
167060,1
175230,1
185470,1
170989,1
192793,1
159595,1
130658,1
130590,0
229073,1
194935,1
118837,0
121731,2
194568,3
201082,1
56982,1
143725,1
245269,1
67538,1
221246,2
105943,1
25222,1
14841,1
46603,1
160773,1
157122,0
239792,1
30490,1
21580,1
63538,1
73986,1
203608,0
90916,1
245848,1
196050,1
93013,1
35793,1
211913,1
41832,1
166283,1
110647,1
11537,2
154633,1
241214,1
245402,1
41769,1
66204,1
169963,1
161974,1
75744,1
97327,1
233357,1
89914,2
242762,2
87297,1
71806,1
211049,1
210275,1
46987,1
120552,1
201230,1
57227,1
79357,1
138398,1
6080,1
87722,1
94931,1
239138,1
28627,1
245046,1
42247,1
23627,1
17272,1
106482,1
226765,1
79128,3
148169,1
60473,1
126073,1
62556,1
206150,3
76281,3
172818,1
93964,1
19004,1
180741,2
200072,1
238859,1
232146,1
205943,3
96267,1
67783,1
247447,1
17832,0
175496,1
219407,1
96297,1
216479,1
171207,1
48804,0
168834,1
2748,1
233417,1
201383,1
67447,1
35721,3
53086,1
27367,1
126736,2
65497,1
220823,2
78470,1
9300,1
49779,1
71412,1
28107,2
237294,1
24469,1
68564,3
161600,1
163757,1
220797,1
35964,1
99342,1
68315,1
21237,1
111503,0
1027,1
14237,1
49694,1
58622,1
100267,1
161401,1
79512,1
142825,1
99130,1
72533,1
22018,1
70992,1
111154,1
140442,1
102137,1
6576,1
177745,1
234596,1
85601,0
204250,1
137265,1
30258,1
144975,1
105607,1
12913,1
86430,1
233310,1
49770,1
136250,1
207842,1
94532,1
28581,1
195314,1
32271,1
210912,1
209832,1
129059,1
120776,2
185848,1
107218,1
204878,1
161678,1
149802,1
123337,1
150897,1
116768,1
110204,1
190626,1
148752,1
238289,1
51577,1
131142,1
222012,1
167616,0
186570,1
185443,3
94975,1
224274,1
75574,1
88127,1
102718,1
26653,1
222066,1
34771,1
143878,1
11501,1
159769,1
164082,1
88432,1
47178,2
107783,1
27693,3
968,1
244195,1
150077,1
31815,1
248365,1
157776,1
61890,1
140972,1
176845,1
21098,1
170700,1
67098,1
99024,2
195539,1
90856,1
139169,1
191954,1
56300,1
31456,1
39953,1
176688,1
124415,1
103673,1
111617,1
121655,1
131035,1
194459,2
77502,1
246259,1
40678,1
211694,1
178898,1
221364,1
184618,1
52471,1
52961,1
55704,1
238046,3
119707,1
212951,1
24368,1
170212,1
17436,1
37298,1
150244,1
87164,1
14053,0
102580,1
131646,1
75039,1
136242,3
153517,3
157452,1
246109,1
222615,1
59787,1
36686,2
145319,2
77399,1
212841,3
38153,3
140359,1
130178,1
162345,1
65085,1
49023,2
161097,1
242719,1
237090,1
94936,1
36675,1
219425,3
169818,1
151658,1
41197,1
41654,1
224415,1
96569,1
10206,1
200477,1
217724,1
16314,1
190687,1
100287,1
221522,3
224036,1
128844,1
72179,1
61172,1
69169,1
41326,1
21914,1
106203,1
93692,1
201176,1
143002,1
54539,2
194121,1
229549,1
83296,1
200426,1
148863,1
129250,1
176725,1
175921,1
53457,1
219752,1
172231,1
143284,1
168827,1
246076,1
88922,1
235862,1
17049,1
48079,1
252367,1
227275,1
37370,1
106588,1
244684,1
172940,1
223148,3
176696,1
20084,1
194465,1
118697,1
196760,1
227028,2
21905,1
91979,1
208959,1
34601,1
223152,1
80552,1
190896,1
93451,1
224926,1
4688,0
119927,1
213418,1
198949,3
60831,1
69839,1
125330,1
151624,1
192410,1
220864,1
216611,1
88816,1
113938,1
184016,1
122292,1
148814,1
144754,1
189670,1
105598,1
101061,1
190296,2
194625,1
238449,1
62791,1
120081,1
60895,1
82585,1
205067,3
152660,1
217908,1
196528,1
162451,1
170368,3
50675,1
74798,1
224420,1
251413,1
196274,1
16340,1
37435,1
9568,1
174840,1
239177,1
41084,1
220148,0
60639,1
157109,1
248651,1
61170,1
228243,1
61423,1
73453,1
77149,1
205088,1
128587,1
54687,1
205393,3
155271,1
10645,0
141291,1
200447,1
73408,1
44524,1
136257,1
188360,1
137563,1
51560,1
130019,1
247656,1
105279,1
213627,1
164089,0
40066,1
50340,1
180135,1
37758,1
238615,1
68360,1
238244,2
141131,1
163914,0
143151,3
173093,1
40766,1
232422,1
61834,3
206155,1
24118,1
165288,1
103353,1
9838,1
203519,1
114278,2
55446,1
134131,1
185521,1
57466,1
227460,1
103566,1
80007,1
203107,3
147237,1
81749,1
54108,1
208495,1
247276,1
151561,1
195038,1
209992,3
171353,1
20225,1
123698,1
233940,1
5308,1
13845,1
248334,1
21410,1
252785,1
3560,1
193700,1
123883,1
128849,2
239823,1
11710,2
76583,1
96389,2
174450,1
212406,1
180949,1
170720,0
13083,1
93861,1
19618,1
119827,1
141241,1
196654,1
14742,0
142588,1
172484,1
109624,2
241049,2
1183,1
139001,1
232109,1
109679,1
179667,0
97778,2
179592,1
165194,1
33179,1
246129,1
112739,1
234615,1
176699,1
102446,1
116366,1
34461,2
233454,1
203803,1
196915,1
151299,1
1768,1
96814,1
116173,1
50475,1
197938,1
125109,3
10320,1
196626,1
142222,1
170543,1
209220,1
114493,1
248183,1
27995,3
125290,0
86809,1
215346,1
222982,1
28263,1
21616,1
12614,1
84250,1
82837,1
221366,1
197125,1
158410,1
194505,1
45189,1
16785,1
99101,1
43496,1
85442,1
102389,1
129896,1
233719,1
850,1
51331,1
206215,1
130525,1
134360,1
50155,1
32342,1
128696,1
108331,1
161922,1
30712,1
45316,1
205279,1
213182,1
170376,1
196564,1
240176,1
146355,1
37442,1
31614,1
191938,1
84857,0
59355,1
247475,1
128274,1
7628,1
23090,1
162940,1
245110,1
4488,1
52933,1
100478,1
194522,1
232567,1
185109,1
46544,1
49806,1
114488,1
121500,1
117824,1
68132,1
229560,1
91261,1
162770,1
34856,1
195550,0
194328,1
102695,0
98069,1
107145,1
151038,1
143390,1
164635,1
133371,1
178311,1
83527,1
164948,1
145446,2
137302,1
124669,1
45866,1
175609,1
213760,1
194769,1
11287,1
185339,1
163702,1
104054,1
189957,1
47381,1
211363,1
92642,1
182233,1
253505,3
182096,3
176003,1
235694,1
41802,1
96991,1
98933,1
91185,1
170253,1
58301,1
191217,1
186644,1
17308,1
128063,1
227816,1
158098,1
42823,1
118182,1
25380,1
65280,1
53934,1
244710,1
68106,1
45565,1
105200,1
137418,1
99387,1
217624,1
44018,1
58129,1
149971,1
191288,0
82902,1
186050,1
156151,0
165000,1
64537,1
133502,1
72396,2
11214,1
130633,1
49265,1
218397,1
69261,1
125315,1
83120,1
85459,1
157149,1
60871,1
140348,1
107558,1
42895,1
146064,1
235639,2
32308,1
143199,1
105746,1
208007,1
28510,1
248746,1
221523,1
246485,1
235945,1
31316,1
234348,1
147225,1
30693,1
61108,1
45726,1
213436,1
167622,1
112001,1
214555,1
154347,1
59433,1
74179,1
43115,1
205078,1
92988,2
207225,2
141030,1
182412,1
56294,1
235121,1
94189,1
121158,1
64580,1
222811,1
71213,1
62246,1
91750,1
148756,1
90584,2
37151,1
58779,1
242235,1
133112,1
144538,3
140173,0
57140,1
124366,1
69971,1
138005,1
239891,1
108701,1
34050,1
2852,1
31482,1
156167,1
97374,1
230841,1
66009,1
231485,2
71858,1
119030,1
69894,1
46616,1
169499,1
241427,1
135638,1
15066,1
132209,0
234112,1
31447,1
160916,1
243467,1
173701,1
177936,1
155073,2
71954,1
21386,1
30003,1
122716,1
237998,1
63929,1
53599,3
136634,1
80654,1
159565,1
231899,1
37579,1
96400,1
133415,1
13566,1
54724,1
107259,1
182056,1
79743,1
46322,1
142259,1
74909,1
74633,1
245662,1
137395,1
40207,1
57591,1
79575,1
241046,1
111535,1
211402,1
178640,1
118875,1
2018,1
135478,1
162555,1
81028,1
203406,1
239489,1
97923,0
227920,1
31671,1
50145,0
229230,1
74434,1
204105,1
226007,1
117720,1
66380,1
64940,1
67213,1
62749,1
96887,2
110372,1
56205,1
245952,1
46699,3
191292,1
7299,1
249913,1
154104,1
177442,0
50671,1
178657,1
189127,1
66166,1
87061,0
143419,1
167222,3
245633,1
153338,1
16194,1
225924,1
7251,1
84067,1
167612,1
72737,1
134101,1
226776,1
72929,1
6628,1
78584,1
79966,1
119983,1
89200,1
147543,1
173649,1
86634,2
82144,1
218440,1
68303,1
6207,1
221595,1
167501,1
216182,1
206816,1
178820,1
74677,1
125289,0
47225,1
14221,1
43636,0
139916,1
158929,0
88382,1
88686,1
218285,1
102028,1
6313,1
228696,1
220652,1
54652,1
80300,1
237350,1
226037,1
69119,1
207242,1
227088,1
113885,1
142869,1
249303,1
45346,1
23689,1
70876,2
217935,1
133165,1
226323,1
57765,1
98516,1
128967,1
39571,1
131684,1
75996,1
45525,1
247818,1
161288,1
38770,1
124382,1
149222,1
61551,1
148420,1
99424,1
217173,1
97121,1
210831,0
161168,1
22272,1
106729,2
198479,1
166185,1
75074,1
186863,1
30228,1
87910,1
217112,1
74056,1
141966,0
61078,1
256,1
42228,1
28260,1
199108,1
236376,1
172310,0
90605,3
250593,1
186767,1
106536,2
37204,1
132948,1
243155,2
34823,1
88390,1
243529,1
212744,1
77726,1
127683,1
207639,1
219259,1
223128,1
148551,1
97935,1
137151,1
89203,1
203722,3
63726,1
56489,1
28993,1
73284,1
249855,1
12077,3
164536,1
85516,1
32810,3
144076,1
231980,1
233907,1
88064,1
149033,1
68321,1
36596,3
68428,1
105883,1
150944,1
232447,2
225136,1
201162,1
108517,1
51825,1
75740,1
52706,1
47751,1
230990,1
229373,1
175787,1
52836,1
114231,1
69289,1
50992,1
121199,1
13817,1
5015,2
177821,2
164337,3
229732,1
74375,1
178429,1
4205,1
119876,1
90142,1
78442,1
85783,1
50432,1
5625,1
115141,1
183748,1
86277,1
69955,2
110921,1
138895,1
10936,1
112307,1
90924,1
55126,1
209034,1
226665,1
75197,1
228324,1
38762,1
40746,1
12592,1
29601,1
179229,1
68353,1
144492,1
249629,1
186471,1
54228,1
66175,1
84979,2
239424,1
92211,1
15943,1
4855,1
54421,1
141040,1
237926,0
137370,1
182553,1
144808,1
110784,1
239752,1
14392,1
187704,1
177066,1
49378,1
130342,0
128766,1
104175,1
218546,1
78933,1
33503,1
18793,0
38048,1
32073,1
106185,1
168429,1
18601,1
4523,1
244478,1
26925,1
191246,1
49478,1
23337,1
44181,1
70706,1
198502,1
41366,1
197470,1
71795,1
41595,1
102441,1
143726,1
78068,1
253306,1
73603,1
236448,1
69552,1
174285,1
170036,1
82591,1
165668,1
156907,1
149012,1
146808,1
84434,1
66946,1
168621,1
244017,1
146799,1
37139,1
252419,1
11546,1
70626,1
202884,1
186485,1
205369,1
205759,0
167226,1
33011,1
11233,1
165973,1
213460,1
221656,1
59445,1
9655,1
790,0
236106,1
129733,3
196153,1
147299,1
208086,1
167767,1
211888,1
203375,2
37862,1
245647,1
206385,1
246830,1
43092,1
6943,1
153611,1
233234,1
251136,1
66360,1
177259,1
186476,1
22351,1
56341,1
10524,1
121928,1
155728,1
232719,1
201143,1
229279,1
17282,1
124414,1
96204,1
148880,1
99311,1
137721,1
186566,1
240854,1
225980,1
191040,1
177835,1
246905,1
205766,3
96451,1
151195,1
210564,1
152752,1
242103,1
84792,1
239619,1
6783,1
701,1
126326,1
16732,1
106433,1
96505,1
134728,1
151205,1
165782,1
251686,1
227188,1
51068,1
252602,1
42367,1
48206,0
94768,1
199476,1
243680,1
184069,1
112538,1
221380,1
10764,1
227265,1
122577,1
65057,2
63848,3
97205,1
134871,1
160655,1
40560,3
68981,1
226982,1
166863,1
1572,1
94711,1
162273,1
229748,1
164366,1
53091,1
35072,1
174733,1
237223,1
65737,1
94895,1
51326,1
13082,1
230885,1
165187,1
42185,1
162395,1
107427,3
95302,1
183281,1
110319,3
124254,2
16243,1
217705,1
13795,1
170160,1
138019,2
87665,1
204348,1
149821,1
192925,1
6000,1
84364,1
38621,2
192165,3
81266,2
244294,1
239596,1
129166,1
166128,1
928,1
168426,1
41067,1
30464,1
86103,3
80867,1
15062,1
198717,1
240581,2
187056,1
41118,1
247029,1
125889,1
161746,1
82479,1
86443,1
31902,1
233333,0
106606,1
111289,1
94037,2
110068,1
251454,1
220491,1
217051,1
208085,1
98158,1
147790,1
209153,1
218999,1
190867,1
246469,1
145858,1
65969,1
56541,1
101594,1
111139,1
41890,1
202415,1
69176,1
207999,1
44059,1
111801,0
216462,0
25705,1
222126,1
142972,1
85241,1
179950,3
111003,1
235944,0
14561,1
135739,3
47517,3
49664,1
68229,1
81048,1
244228,1
95794,1
112940,1
187255,1
13563,1
175270,1
112978,1
177870,1
245570,1
28121,1
23944,1
164591,1
126693,1
148989,2
196592,1
247565,1
3490,1
16873,1
165649,1
84009,1
160159,1
59528,3
233216,2
134326,1
231649,2
250264,1
226890,1
216317,1
167838,1
158828,1
166603,3
209251,1
67640,1
51836,2
233898,1
107888,1
186729,1
81907,1
252502,1
176416,1
24145,1
157854,1
18387,3
221052,1
84888,3
28385,1
249440,1
113425,1
246516,1
192955,1
213318,1
65312,1
2705,1
35979,1
117,1
1543,1
14151,1
100098,1
162359,1
103712,1
93238,1
216256,2
159184,1
24111,1
229957,1
181210,1
193266,2
118862,1
196856,1
100560,1
174502,1
43656,1
90994,3
20034,1
253590,1
174056,1
54413,1
206489,1
162662,1
169055,1
196888,3
147206,0
190217,1
146199,1
120692,1
64473,1
185138,1
193164,2
245135,1
114061,1
132513,1
36357,1
42906,1
238630,1
189476,3
202930,1
115536,1
153764,1
222761,1
38249,1
196402,1
205411,1
63740,1
227116,1
226663,1
71216,1
189258,1
87047,2
27940,1
111085,1
28654,1
160580,1
189297,1
41641,1
243594,1
225876,1
85806,1
157609,0
183561,1
14547,1
131723,1
15786,1
180062,1
85117,1
181822,1
185075,1
178426,1
140851,1
64958,1
247847,1
21160,1
111031,1
54982,1
186817,1
195251,1
190587,1
64209,1
167212,1
167828,1
110915,1
201391,1
135400,1
99898,1
157863,1
144809,1
77269,1
88707,1
147918,1
8282,1
49937,1
6248,1
180581,1
170867,1
6448,3
100106,1
134188,1
136102,1
175315,3
96786,1
95819,1
35874,1
219390,1
224338,0
236935,1
93222,3
102641,1
151755,1
134927,1
160368,1
1499,1
71059,1
161902,1
38322,1
108265,0
210737,1
39849,1
205845,1
182146,1
10122,1
56610,1
143034,1
73069,1
91110,1
94454,1
45847,1
94247,1
65473,1
27750,1
172357,3
138738,1
157077,1
232210,1
184949,1
173207,1
160933,1
155729,1
127414,1
220222,1
222930,1
40349,1
179135,1
217386,1
127302,1
128102,2
21540,1
48092,0
55645,1
86006,1
3737,1
197339,1
107446,1
143507,1
204416,1
23355,1
215744,1
24169,1
132616,1
216208,1
251464,3
43342,1
127722,1
225808,1
50672,0
36768,1
59109,1
226451,1
232290,1
179812,1
16938,1
12079,1
170687,0
19108,1
143393,1
147295,1
73209,1
246638,1
127355,1
232985,1
198097,1
121528,1
163586,1
252421,2
63288,1
44812,1
217135,1
204481,0
205635,1
219649,1
164992,1
95194,1
207493,1
97051,1
243344,1
235467,2
129156,1
66743,1
114974,1
217485,0
57915,1
68787,1
107125,1
38470,2
89637,1
80793,1
90452,1
172047,1
3915,0
194567,3
116601,1
58004,0
188519,1
140446,1
126286,1
1398,2
236036,2
250702,1
150599,1
227401,2
148090,1
71084,1
177255,1
247005,1
242436,1
127821,1
197854,1
170486,1
91383,1
120798,1
102480,1
206647,1
160316,1
35963,1
33023,0
184447,2
167281,1
180704,3
118966,1
165192,1
23546,1
145679,1
184794,1
181716,1
96094,1
181234,1
130787,1
144253,1
67520,1
229286,1
234703,1
2235,1
245823,3
225507,1
163028,1
13889,1
47122,1
95185,1
146068,1
48262,2
6784,1
78934,1
72696,1
27484,1
223149,1
38527,1
199410,3
143097,1
241448,3
157558,1
203601,1
71755,1
143911,2
147528,1
86380,1
127278,1
184105,1
78521,1
97640,1
207573,1
79216,1
226194,1
77529,1
158304,1
78303,1
218473,1
184861,1
94255,1
176163,1
247275,1
116452,1
186264,1
230257,0
11474,1
128520,1
201988,1
210335,1
65398,1
38856,1
123944,1
118335,0
14533,1
244142,1
229214,3
65960,1
102936,1
117206,0
239607,1
238240,1
154005,1
72070,1
166075,1
194234,1
20340,1
243915,1
33032,1
96098,1
198673,1
237118,1
136013,1
118838,1
197161,1
155210,1
177334,1
44646,1
62895,1
77174,1
92614,1
247060,0
68246,0
64066,1
84206,1
177840,1
90492,1
102198,1
198236,1
193750,1
206567,1
148423,1
231905,1
164150,1
82128,1
194506,1
119621,1
2448,1
80448,1
5930,1
247767,1
137440,1
115629,1
222195,1
188068,1
104735,1
94049,1
150359,1
121678,1
198598,1
33936,1
103451,1
8551,1
147041,1
36524,1
247514,3
106272,1
92425,1
151115,1
231478,1
226034,1
151995,3
176986,1
54594,1
43789,1
80377,1
117027,1
235078,3
16592,1
84900,1
16686,1
188694,1
102104,1
150148,1
193941,1
119881,1
38827,1
39445,1
124060,2
222150,1
218650,1
107433,1
91419,1
157237,1
127486,1
110220,1
13154,1
92108,1
128931,1
217595,1
173363,1
119956,1
248324,1
187390,1
151350,1
206299,1
88293,1
90023,1
227510,1
242249,1
15917,1
78436,1
249261,1
84069,1
225621,1
223625,1
172714,1
37583,1
19017,0
137393,3
127695,1
69673,1
102149,1
13069,1
86890,1
247224,1
131964,1
158306,1
239781,1
86702,1
192210,1
144709,1
142129,3
51691,1
7451,1
138149,1
243058,1
179005,1
110644,3
36621,0
99745,1
22922,3
242594,1
8425,1
114524,1
126461,1
43350,1
204987,1
245384,1
17336,1
56583,1
193508,1
129035,1
210717,1
105698,0
129002,1
100312,1
51375,1
82784,1
224094,1
177232,1
129105,1
221672,1
95356,1
25683,1
82781,1
48681,1
246166,1
237074,1
205744,1
85109,1
30803,1
65024,1
12290,1
213537,1
117071,1
228431,1
7524,1
93477,1
161533,1
45071,1
192746,1
97082,1
60419,1
231305,1
161664,1
180243,0
40445,1
73974,3
107365,0
137991,1
165777,1
176803,1
238259,1
128683,1
5922,1
151904,1
18124,1
119258,1
211805,2
246207,1
176088,1
84255,1
86721,1
184176,1
3016,1
32156,1
154072,1
78715,1
232934,1
72664,1
133352,1
148739,1
129545,1
88404,1
167772,1
241615,1
169713,1
89189,1
111787,1
93038,1
205314,1
160231,1
30965,2
142613,1
143958,1
81624,1
162817,1
144573,1
160017,1
247429,1
68302,1
155099,1
108799,3
190270,1
131992,1
210412,1
228312,1
23864,1
116995,1
238227,1
87881,1
88159,1
189496,1
122073,0
98084,1
128647,1
166806,1
32072,1
211757,1
91603,0
69815,1
1704,1
53007,1
230882,1
18928,1
245137,1
237099,1
200441,1
184650,1
32752,1
119,1
178081,1
202218,1
217387,1
171460,1
90691,1
152950,1
201863,1
236690,2
220517,1
140603,0
187336,1
22492,1
212260,1
158552,1
194055,1
116808,1
93609,1
197463,1
200162,3
37813,1
126674,1
117422,0
130079,1
55069,1
24549,1
83154,1
125903,2
26638,1
237615,3
176247,1
154375,1
231813,1
51668,1
136288,1
224659,1
145367,1
60223,1
202570,1
125078,1
141012,1
94883,0
132060,1
109346,1
152700,3
169518,1
12314,2
133008,0
5297,1
157506,1
165554,1
192928,0
36457,0
26102,1
59934,1
233645,1
17486,0
196193,1
167900,1
132057,1
3673,1
52076,1
12174,1
187809,1
138548,1
170648,1
118808,1
193967,1
152519,1
52040,1
229552,1
119706,0
123706,2
131507,0
175494,1
58347,3
247501,1
56638,1
15392,1
40114,1
232823,2
235337,1
113339,2
228719,1
236018,1
34249,1
113975,1
188971,1
149042,1
64522,1
214047,1
51618,1
108275,0
118909,1
96438,1
43010,0
77893,1
181470,1
251261,1
183633,1
178715,1
86841,1
166010,1
121553,0
237304,2
215152,1
108094,1
248633,0
163166,1
186273,1
119465,1
82251,1
115015,1
218408,1
224833,2
72339,1
140960,1
12533,2
73422,1
124013,1
1116,1
245039,1
206026,1
91524,1
1086,1
96799,1
237405,1
197336,1
10214,2
88559,1
208073,1
39129,1
159936,1
200827,1
24597,1
107194,1
26468,1
43834,1
36293,1
72359,2
160937,1
83843,1
13130,1
177092,1
244283,1
29337,1
184763,1
246465,1
209702,2
209543,1
117951,1
89737,1
166623,1
252882,1
11072,1
170540,1
229256,1
253557,1
50718,1
208661,1
107660,1
60127,2
70761,1
26203,1
115607,1
214298,0
201448,1
129271,1
99135,1
235363,1
156145,1
131552,1
113549,1
118277,1
72424,1
204876,1
65042,1
154377,1
226359,1
137769,1
57243,2
216423,1
127034,2
197901,1
13404,3
211253,2
239032,1
248889,1
73518,3
167335,1
76753,1
89498,1
228384,1
7962,1
171339,3
96861,1
65849,1
127454,1
42807,1
134519,1
90315,1
96214,1
94173,1
75862,1
162566,1
61015,1
67233,1
61809,1
150899,1
84190,1
243397,1
64060,3
138942,0
235703,1
25121,1
205856,3
100633,1
94272,1
202897,3
163305,1
167423,1
201803,1
47607,1
236794,1
249209,1
106659,1
183639,1
205909,1
141962,3
101178,1
169517,1
178088,1
172081,1
19718,1
214237,1
175550,1
158014,1
87785,1
149126,1
204156,1
240820,1
76950,1
30381,1
169558,1
132878,1
252014,1
74669,1
44872,1
205329,1
178818,1
223500,1
83821,1
94587,1
28116,1
146693,1
11384,1
174126,1
4605,1
244782,1
1185,1
243761,1
161479,1
150074,1
149858,3
152786,1
252918,1
74928,0
56130,1
30713,1
4362,1
12103,2
75935,1
70116,1
119605,1
70137,3
146555,2
135759,1
161546,1
34145,1
192433,1
68329,1
40257,1
139312,1
197635,0
211005,1
200564,1
246305,1
42087,1
163422,1
154971,1
91650,1
110722,1
227138,1
178265,1
21375,0
190955,0
196280,1
228672,3
47622,1
66109,1
152662,1
136811,1
121422,3
111081,1
99818,1
104379,1
10653,1
196658,1
26492,1
67223,1
247536,1
214682,1
33216,1
69978,1
57798,1
55899,1
205955,1
96069,1
196750,1
222912,1
101779,3
220670,1
185777,1
1411,1
222105,1
117185,1
49653,0
167290,1
246159,1
164114,1
205784,1
137506,1
54401,1
83449,2
58690,1
68330,1
143520,1
48642,1
92629,1
34190,1
166802,1
149474,1
10951,2
110411,1
105322,1
31376,1
85784,1
194045,1
138287,1
249854,1
166890,1
176510,1
251999,1
162873,1
250625,1
193837,1
61101,1
2193,1
189384,1
17322,3
225700,1
43486,1
91520,1
40854,2
184084,1
80113,1
34238,1
26463,1
88494,1
30360,1
27713,1
241453,1
163326,1
120634,1
236506,1
193374,1
196313,1
222498,3
133449,1
151340,1
125747,1
194294,1
154885,1
194174,1
49776,1
223337,1
207272,1
146732,1
132522,2
224755,1
105167,1
83196,1
150304,1
67074,1
12502,1
48349,1
31891,2
233752,1
30913,3
198441,3
26390,1
201613,0
149356,1
200980,1
108689,1
2863,1
4622,1
58752,1
33045,1
175388,1
167843,1
133328,1
147857,1
252690,1
236444,1
44881,1
188973,1
127225,3
206144,1
239916,1
52843,1
113522,1
142256,1
121012,1
26466,1
150342,1
246423,3
13551,3
191186,1
193433,1
247374,1
70139,1
116825,1
181176,1
225235,1
60852,1
114803,1
26685,1
119532,1
151975,1
39999,0
71242,1
157135,1
96869,1
97759,1
105258,1
117945,1
188581,1
160070,1
182858,1
42315,2
17967,1
38483,1
148095,1
205727,1
19373,1
139700,1
9743,1
146448,1
225015,1
57625,1
17074,1
90681,1
8052,1
143119,1
162177,1
203482,1
36039,1
72210,1
183259,1
53757,1
153531,1
45150,0
87056,1
45305,1
127869,1
150725,1
188012,1
12645,1
42883,1
212901,1
109705,1
244179,1
75942,0
105420,1
164660,1
99955,1
202253,1
141034,1
23511,1
154403,1
110152,1
127027,1
50988,1
118491,1
92138,1
136761,1
71513,1
25982,1
150361,1
79455,3
76466,1
194525,1
53741,1
146748,1
211037,1
28355,1
189777,1
253516,1
202738,1
21976,1
198471,1
231041,1
110438,1
183541,1
124598,2
244493,0
157366,1
48490,1
168715,1
203718,1
222356,1
139422,1
125820,1
85479,1
20973,1
98759,1
87674,1
138084,1
155782,1
26941,1
86054,1
52912,1
187235,1
175619,1
222600,1
91754,3
120103,1
208695,1
242019,1
228457,1
109516,1
11713,1
205996,1
246537,1
78321,1
19040,1
69896,1
44309,2
59326,1
241333,1
112137,1
50419,1
170499,0
226303,1
68854,1
160254,1
73507,1
82626,1
14708,1
73569,1
156973,1
46204,1
250248,1
81055,1
26886,1
162529,1
92023,1
82028,1
107541,1
148215,1
104715,1
49251,1
107306,1
79832,1
226291,1
39827,1
158289,1
235225,1
103552,1
117894,1
170692,2
240676,1
163313,1
142219,1
234122,1
148380,1
159974,1
199738,1
57422,1
24393,1
144125,1
140098,1
39412,0
89774,1
150692,1
146585,3
167474,3
108697,1
59517,1
131309,1
222723,1
39078,1
58298,1
100040,1
38292,1
12491,1
12954,0
6849,1
132375,1
150770,1
72655,1
171601,1
55906,1
199061,1
171959,1
226728,1
8322,1
217139,1
197130,1
191466,1
12616,1
110396,1
118186,1
233115,1
248563,1
234115,1
229633,1
140169,1
111637,1
90324,1
77287,1
234839,1
73882,1
164168,1
224867,3
235094,1
211302,1
176007,1
25488,1
167293,1
35012,1
206212,1
40974,1
248747,1
14682,1
238070,1
68805,1
38988,1
151662,1
165956,3
71364,1
115209,1
147686,1
108096,3
105914,1
95444,1
135761,1
116873,1
522,1
212988,1
27107,1
116487,0
189064,0
247652,3
246743,3
246771,1
11852,1
88056,1
248350,1
188365,1
143066,1
209808,1
235119,1
121798,1
191789,1
225512,1
34199,1
70823,2
1068,1
145776,1
184610,1
241452,1
138289,1
136519,1
34799,1
219545,1
20205,1
56491,1
108778,1
224136,1
121995,1
27904,1
146271,1
99698,1
164101,1
181109,1
45811,1
219533,2
190319,1
148119,1
169345,1
118846,1
179647,1
116235,1
132300,1
29388,2
163605,1
127958,1
29354,1
240844,1
136721,1
35660,1
163382,1
4510,1
76296,1
49873,1
53617,1
205094,3
154881,1
124767,1
120248,1
29626,1
216689,1
63559,1
127369,1
97815,1
89765,1
210272,1
48892,1
201310,1
243601,1
10887,1
20956,1
161210,1
192393,1
92958,1
217334,1
19579,1
188269,3
9901,1
100947,1
143248,1
86227,1
150143,2
21503,1
50480,1
203059,1
176015,1
122962,3
131072,0
187339,1
177829,1
129854,1
171629,1
187559,1
247041,1
75008,3
40120,1
16726,1
232253,1
52291,1
253391,1
18755,1
28043,1
175812,1
236012,1
114969,2
54837,1
122490,0
22494,2
191081,1
241495,1
100096,1
22349,1
229015,1
126037,2
120893,1
71977,1
204129,1
124406,1
124284,1
197068,1
134031,1
52645,3
247009,1
152555,2
52249,1
185296,1
221915,1
199972,1
72792,1
210829,1
7623,1
180631,1
241393,1
54011,1
210681,1
104168,1
162783,1
184696,1
11033,1
24237,1
64942,1
78376,1
16707,1
232281,1
193484,1
243327,2
66456,1
241686,1
70226,1
173789,1
171040,1
36743,0
195661,1
250188,1
49022,1
177807,1
157995,1
65882,1
244082,1
105681,1
103862,1
12049,1
22968,1
252216,1
27332,1
65538,2
190400,1
164991,1
178303,2
77617,1
125715,1
196064,1
123798,1
174774,1
168545,1
25859,1
135929,1
94512,2
211404,1
78989,0
186053,1
57976,1
50404,1
170798,1
239396,1
21295,2
116621,1
159904,1
247367,0
177278,0
12732,1
217506,1
119397,1
69151,1
200804,1
157647,1
206256,2
110745,2
184866,1
186192,1
24140,1
31170,1
163008,1
102068,1
61141,1
12145,1
116922,1
42274,1
71398,1
164267,1
132305,1
178179,1
153216,2
125364,1
120068,1
229229,1
186996,1
87603,3
179430,1
80268,1
190211,1
34507,1
8262,1
88334,1
83225,1
246472,1
7137,1
89215,1
251998,1
189536,1
190483,1
36443,1
20865,1
58257,1
216864,1
47475,3
221147,1
21304,1
30700,1
18985,1
63934,1
232935,1
56343,1
7469,1
91259,1
206519,1
244462,1
54375,1
52834,1
30824,1
210011,1
101852,1
219076,2
238766,1
44083,1
119338,1
136833,1
13125,2
69533,0
136115,1
230763,1
122014,1
220320,1
114725,0
97921,1
111964,1
225236,0
121176,1
101149,1
54046,1
175474,1
57092,1
205918,1
59900,1
177518,1
19454,1
165252,3
217904,1
30074,2
9360,1
121375,1
171549,1
45339,1
54467,1
240944,1
202147,1
107760,1
1189,1
31564,1
44359,1
133625,1
87842,1
175700,1
27269,1
227811,1
191479,1
161539,2
208136,1
135418,1
47327,1
100366,1
113911,1
174967,0
24480,3
45171,1
105770,1
27667,3
16006,1
151091,1
126790,1
24752,1
225018,1
44032,1
212734,3
251734,3
145681,1
139951,1
90669,1
247824,3
249547,2
247101,1
45491,1
70877,1
138104,1
172044,1
174937,0
56695,1
39124,1
15608,1
232949,1
24901,1
64969,1
93331,1
1054,1
165713,1
201614,1
55493,1
118169,1
224302,3
6669,1
73840,1
42633,1
48936,1
45840,1
127379,1
60951,0
61419,2
88967,1
167546,1
42179,1
28785,1
59504,1
10655,1
109690,1
209381,1
105281,1
213579,1
53066,1
103185,1
24733,1
49742,1
63199,1
134992,1
217304,1
127780,1
246390,1
203213,3
231070,1
61098,1
245204,1
90079,1
93404,1
94778,1
175753,1
18291,1
107612,1
150746,1
32987,1
54567,1
223566,1
213258,1
96107,1
189735,1
168131,1
20468,1
244677,1
78415,2
161226,1
161363,1
234830,2
150876,1
74486,3
174650,1
205851,1
97655,1
70708,1
142100,1
170344,1
70838,1
99918,1
70739,1
247354,1
248139,1
139464,1
217560,1
172130,2
102957,1
126120,1
233717,1
128932,1
211492,1
120682,1
150762,1
158896,1
231153,1
96490,1
53855,1
144092,1
142396,1
140899,1
38208,1
147417,1
87319,1
213266,1
101950,1
45265,1
130645,1
123762,2
245334,1
63017,1
148457,1
41518,3
178506,1
124286,1
159536,1
86732,1
245611,1
81717,1
147333,1
13383,1
132021,1
169199,1
161836,1
160512,1
50207,1
18920,1
91632,1
153883,2
143320,1
62504,1
61005,1
218347,1
72275,2
179900,1
4452,1
146359,1
15382,1
135472,2
37416,1
154853,1
9733,2
145549,1
148973,1
55815,1
30677,1
104285,1
224296,1
246079,1
184584,0
134374,1
43975,1
33764,1
128000,1
72979,1
37267,1
183384,1
63858,1
38427,3
45916,1
84818,1
55976,1
106711,1
249312,1
220058,1
129738,1
158770,1
27131,3
96295,1
117432,1
39736,1
162355,1
196249,1
99945,1
193103,1
98849,1
85796,1
40600,1
115961,1
5616,1
209563,1
118464,1
208762,1
104630,1
194610,1
228646,1
122109,3
246096,1
154869,1
37587,1
40272,1
32926,1
162440,1
241738,1
21733,1
76671,0
217501,1
2712,1
60322,1
140353,1
29042,1
184528,1
229285,1
229314,1
165245,1
106832,1
180235,1
119179,1
122212,1
47422,1
17978,1
122356,1
236698,0
202892,1
151278,1
156998,0
28105,1
147785,1
223985,1
70433,1
28589,1
77356,1
113439,1
208525,1
114617,1
141190,1
227340,1
137546,3
37061,1
178294,1
226472,1
74878,1
152357,3
126219,1
199537,1
183278,1
101112,1
121607,1
72389,1
189160,1
71029,1
21703,1
128225,1
238490,1
31184,1
29057,3
31512,1
106828,1
188426,1
59752,1
23125,3
142409,1
91222,1
168676,1
110768,1
220909,1
173678,1
3206,1
102975,1
80403,2
15802,1
143758,1
211813,1
124344,1
42507,2
179165,1
183840,0
49850,1
252253,1
143896,1
236442,1
132554,1
173685,1
184845,1
193811,3
133151,1
62153,1
10229,1
150096,1
13949,1
139983,1
92143,1
226961,1
23650,1
221800,1
171520,3
30966,1
220240,1
166334,1
114350,1
170261,1
33881,1
42791,1
187177,1
5314,1
56046,1
149790,3
103708,1
128427,1
158798,1
33280,1
24534,1
226998,1
209879,1
244953,1
194966,1
33636,0
67175,1
156864,1
124499,1
36964,1
138674,1
15525,1
65389,1
154267,1
111843,1
168403,1
143335,1
41241,1
183597,1
5127,1
78606,1
198526,1
78748,1
167486,1
111840,2
12558,1
83175,1
219844,1
142872,1
20756,1
22832,1
107353,1
182488,1
114860,1
94728,1
121965,1
18597,1
242404,1
193565,1
24110,1
171265,1
126068,1
181977,1
37759,1
81373,1
236313,1
15832,1
98143,1
148179,1
85584,3
72481,1
172804,1
114554,1
218035,1
184063,1
83908,1
174343,2
178191,1
64191,1
30722,1
142971,1
28384,1
18758,1
167150,1
46789,1
121157,1
169502,2
94995,1
151331,1
26786,1
155959,1
127498,1
48583,1
44922,1
64404,1
208751,3
187804,1
43693,3
107126,1
104141,1
244467,1
6020,1
234600,1
76766,2
136686,1
108396,1
150520,1
157188,1
252557,1
125521,1
75676,1
114114,1
87716,1
51317,1
131052,1
203393,1
88455,1
205348,1
35302,1
162052,1
225557,1
48275,1
236458,1
36728,1
107882,1
7616,1
181061,1
98390,1
231532,1
93379,1
12670,1
3959,1
116165,1
154037,0
172013,1
118056,1
3954,0
131223,1
22685,1
90434,1
169131,1
169363,1
199880,1
68898,1
115680,1
248302,1
119951,1
84132,1
137117,1
23920,1
106803,1
156901,0
61630,1
138981,1
49580,1
101574,1
223846,0
3491,1
151407,1
149094,1
52948,1
109848,1
206446,3
150670,1
7570,1
39239,1
128736,0
58055,1
185342,1
89293,1
217760,3
189266,1
167113,1
43849,3
60691,1
92790,1
117224,1
41350,1
170853,1
208254,1
37505,1
138481,1
185483,1
95109,1
22543,1
97009,1
203411,1
43268,1
44527,1
89712,1
61906,1
98106,1
145953,1
250983,1
209146,1
98755,1
121912,1
103398,1
117792,1
149510,1
29156,1
89061,0
236143,1
105725,1
12053,2
121630,1
204510,1
244597,1
203207,1
181037,1
167899,1
36960,1
23628,1
248133,1
162967,1
221028,1
82324,1
176920,1
251810,1
250480,1
192542,1
157594,1
173430,1
159927,1
243451,1
121971,2
202722,1
186089,1
243242,1
206181,1
152814,1
19125,1
46860,1
104955,2
205723,1
86947,1
114106,1
245940,1
118036,1
80937,1
21587,1
18475,1
81133,1
25016,2
189626,1
48025,1
168525,1
111528,1
44692,3
196029,1
225284,1
241986,1
197890,1
104435,1
87348,1
134187,1
235609,1
19821,1
1941,3
166492,3
222579,1
70710,1
73219,1
191569,0
36383,1
99338,1
214852,1
109469,1
186129,1
219706,3
171785,1
33339,1
138028,1
28995,1
232240,1
166788,1
39010,1
156551,1
79293,1
83130,1
223912,1
155414,1
203772,1
95566,1
237272,1
26227,1
101575,1
145789,1
152440,1
112773,2
67137,1
13931,2
171042,1
240039,1
89969,3
177441,1
14420,0
37981,1
219955,1
106136,1
250956,1
29309,1
144031,1
107865,1
211438,1
98462,1
236589,1
208937,1
362,1
181380,1
123977,3
218219,1
14894,1
46348,1
176343,2
148265,1
116872,1
74117,1
167907,1
27031,1
64671,1
25983,1
95622,1
200105,1
18871,1
179565,1
221544,1
164790,1
20172,1
195159,1
158440,1
237984,1
82077,1
51339,1
17797,1
111753,1
170986,1
104796,1
186010,1
52617,1
3442,1
20477,1
51387,1
214124,1
244954,1
48524,1
113813,1
73439,1
14664,1
159727,1
28857,1
221367,1
174649,1
149653,1
35204,1
110578,1
69369,1
126762,1
157240,1
936,2
148467,1
208932,1
79913,1
122631,1
47206,1
19047,2
229548,1
201862,1
929,1
20233,2
53835,0
7255,1
31299,1
161163,1
43278,1
97171,1
241172,1
12439,1
172833,1
1976,1
26643,2
122345,1
92343,1
31035,2
177636,1
165943,1
70927,1
16866,1
66687,1
100878,1
169520,1
153881,2
5001,1
143123,1
204262,1
14178,1
210004,1
83803,1
111510,1
86325,1
118096,0
106969,1
37973,1
81928,1
134118,1
51303,1
233324,1
225734,1
204269,1
175888,1
122735,1
231428,1
201521,1
71631,1
160407,2
5756,1
166567,1
11360,1
68128,0
91852,1
82325,1
103342,1
112650,1
128656,0
71595,1
214335,1
97765,1
92008,0
208147,2
168739,1
24400,1
236328,0
8580,1
131845,1
247827,1
194659,1
44969,1
90074,1
166313,1
11716,1
249281,1
86574,1
43602,3
143473,1
207953,1
171641,2
47203,1
32365,1
128372,1
199597,1
154548,1
144601,1
39982,1
51114,1
17646,1
51249,1
147157,1
247034,1
24852,1
247889,1
48510,1
189132,1
235392,1
75510,1
483,1
32288,1
209645,3
102864,1
241656,1
7162,1
238219,1
56916,1
97328,1
61222,1
205433,1
250558,1
126961,1
14461,1
135881,1
155237,0
237844,1
179953,1
19230,1
88426,1
162136,1
129118,1
144105,1
43667,1
43528,0
15596,1
220294,1
17196,1
246540,1
119234,1
188028,1
9411,2
82623,1
19811,0
1635,1
8747,1
166783,3
17699,1
251928,1
253156,1
205217,1
230688,1
41316,1
169960,1
25010,0
239410,0
32607,1
30605,1
30866,1
55896,3
143957,1
164687,1
176450,1
27494,3
201677,1
112896,1
127945,1
95580,1
98411,1
88210,1
179619,1
119676,1
63343,1
78474,1
216154,0
80809,1
153090,1
8807,1
220760,1
31692,1
125792,1
41,1
8924,1
234760,1
227454,3
80932,1
28083,1
208908,1
19823,1
10667,1
84680,1
59364,1
233203,1
237014,1
200527,1
192205,1
45882,1
168604,1
4884,1
43730,1
235001,1
198610,1
45629,1
200088,1
80084,1
181377,1
32336,1
134057,1
142693,1
201030,1
194348,1
130391,1
199358,2
40550,1
235940,1
26118,1
237445,1
164819,1
224144,1
35905,1
247134,1
229849,1
54874,1
116606,1
41002,1
14634,1
195939,1
4095,1
131232,1
155733,1
111159,1
129804,0
96097,1
154752,1
134412,1
61588,1
213697,1
108146,1
103639,1
136271,1
237921,1
209368,1
22138,1
137554,1
194706,1
230303,1
128159,1
149550,1
115488,1
103400,0
66378,1
28892,1
129202,1
133335,1
185438,1
176138,1
179512,1
81577,1
191897,1
5394,1
232534,1
140930,1
56311,0
105320,0
240780,1
158077,0
172046,1
104212,1
2031,1
211666,1
30130,1
10613,1
61180,1
151824,1
142422,1
173720,1
106742,1
211829,1
112690,1
187763,1
22816,1
53465,1
55686,1
116716,1
76707,0
60408,1
242598,1
113184,1
94332,1
175484,2
185338,1
174263,1
63946,1
246265,3
128400,1
391,1
95517,2
182560,1
143690,1
103786,1
90447,1
121580,1
209928,1
155717,1
2865,1
124864,1
75979,1
242495,1
168156,1
7443,1
93639,1
204377,1
116633,1
142778,1
59028,2
233931,1
70159,1
170686,1
196472,0
237512,1
27054,1
168527,1
82636,1
199492,1
33873,2
159202,1
138341,1
133106,1
208737,1
208827,1
52561,1
241771,3
168257,1
199482,1
89,1
26189,1
61828,1
226592,1
6393,1
229017,1
26847,1
111183,1
176931,1
184128,1
1149,1
80303,1
221400,1
213946,0
183906,1
124729,1
155501,1
232178,1
84749,1
68328,1
237063,0
20281,1
146175,1
42542,1
150324,1
21136,1
246912,2
47335,1
96973,1
70253,1
76484,0
226980,1
59098,1
228146,1
13535,1
31499,1
210724,1
218878,1
213316,0
92774,1
198794,1
131674,1
234224,1
17749,1
188211,3
66283,1
81763,2
231484,1
174961,1
33271,1
215919,1
156922,1
122980,0
84032,1
222250,1
190907,1
213663,3
147660,1
96880,1
51675,1
176078,1
37648,1
228342,1
231850,1
75536,1
120380,1
126314,3
224941,1
176522,1
43692,1
205370,1
232387,1
55166,1
24277,1
40945,1
97529,1
200776,1
12173,1
81516,1
173577,1
169600,1
230890,1
67540,1
217170,1
153563,1
2683,2
10923,1
160210,1
206163,1
245068,1
88488,1
213515,1
26283,1
233955,1
37091,1
243536,1
82940,1
142779,1
83947,1
128821,1
4822,1
157576,1
25889,1
154931,1
68530,1
31151,1
26538,1
93687,1
211673,1
32538,1
198024,1
66137,1
207126,1
114736,1
125047,1
186520,1
56501,1
27795,1
128851,1
41092,1
218486,1
248680,1
19447,1
90828,2
174213,1
174338,1
177173,1
101406,1
78730,1
213565,1
225340,2
175434,1
50349,2
217484,3
114948,1
57935,1
1741,1
127624,1
137502,0
43515,1
185960,1
58807,1
239550,2
112466,1
137609,1
164926,1
73235,1
235331,3
64287,1
236978,1
173619,1
252566,1
55071,1
84323,3
162471,1
191649,1
236416,1
71411,1
135609,1
151179,1
1970,3
59642,3
139958,1
151741,1
127060,1
204295,1
60463,1
103987,1
190772,1
127096,1
125254,1
175777,1
219066,1
97589,1
216392,1
2801,1
109625,1
119757,2
44631,1
249624,1
93134,1
178009,1
129594,1
13836,1
160491,1
138620,0
29061,1
2680,1
112268,1
89284,3
156727,1
251956,1
238126,1
102923,1
197653,1
47543,1
53236,1
141684,2
41495,1
134043,1
167954,1
251602,1
219063,1
246061,1
178004,1
105836,1
89740,1
47903,1
112136,1
138936,1
110509,1
126151,1
65141,1
247505,1
186573,1
237046,1
53746,1
192839,1
46985,1
76379,1
236364,1
173068,1
175113,1
184435,1
41447,1
92383,1
42456,1
207552,1
47609,1
153682,1
198531,2
132296,1
203201,1
253667,1
193818,1
194081,1
239195,1
60761,1
101918,2
191855,1
230877,1
98258,1
138208,1
230262,1
190173,1
173970,1
181135,1
198220,1
225459,1
174299,1
250125,1
180895,1
76513,1
82271,1
66518,1
72766,1
112028,1
38406,1
224156,1
114393,1
90451,1
156141,1
198867,0
74498,1
120166,1
111144,1
241792,1
20657,3
134840,1
4256,1
213618,3
75552,3
166946,1
10294,1
160033,1
87735,1
250656,1
52795,1
185646,1
27697,1
17856,1
9919,1
212915,1
77720,1
50134,1
126114,1
25047,1
131780,1
127161,0
64142,1
74765,1
112063,1
158718,1
124756,2
185966,1
22410,1
73089,1
64312,1
62340,1
73710,1
32845,1
39160,1
190478,1
60141,1
11259,1
236202,1
27381,0
143793,1
169112,1
245519,1
28766,1
90448,1
16409,3
155568,1
60800,1
34254,1
250055,1
21609,1
8479,1
69435,1
92387,1
111522,1
169843,1
196479,1
190514,1
146406,1
231754,1
207720,1
204929,1
226695,1
149780,1
134677,1
213480,1
235991,1
243376,1
19765,1
72324,1
30661,1
243200,1
142586,1
170154,1
50315,0
188340,1
223604,1
201928,1
171728,1
155365,2
37979,1
178063,0
25668,1
75402,1
126638,1
25083,1
187782,1
72581,1
95282,1
154974,1
15422,1
155430,1
79279,1
75325,1
148379,1
3324,3
163255,1
132420,1
57543,0
208363,1
13779,2
183856,1
143422,1
139945,1
176904,1
10706,1
152317,1
88033,1
152196,1
246072,1
55882,3
15067,1
128490,1
53604,1
196648,1
113007,1
128780,1
229236,3
146350,1
19513,1
182964,1
53039,1
94953,1
133197,1
18712,1
147893,1
125581,1
209918,1
65264,1
227463,1
80137,1
66350,1
23910,1
56069,1
91624,1
15196,1
144386,1
149942,1
93395,1
44,1
100651,1
141678,1
100593,1
170612,1
37599,1
179445,1
89972,1
59038,1
134317,1
86260,1
32086,1
191986,1
134903,1
242935,1
144612,1
170429,1
15562,1
119364,1
246904,1
7960,1
206370,1
253339,1
106667,2
30402,1
28958,1
201810,3
87391,1
175968,1
250313,1
149497,1
150078,1
25215,1
159760,1
51486,1
23643,1
24868,1
143707,1
188937,1
189349,1
197224,1
39527,1
144167,1
77118,1
21388,1
253261,1
8804,1
181745,1
138345,3
95897,1
97019,1
170403,1
3287,1
204304,1
240516,1
34974,1
16561,1
116334,0
215620,1
112471,0
64192,1
27680,1
191118,0
161414,1
135175,1
125412,1
64999,1
216324,1
13482,1
30942,1
149019,1
75438,0
229280,1
187875,1
37791,1
170756,1
5713,1
131604,1
229485,1
31176,1
240290,1
174305,1
59738,1
236242,1
138390,1
84189,1
108555,1
3669,2
184776,1
126217,1
228856,1
1999,1
89097,0
77890,1
162367,1
27449,1
120553,1
239799,1
225840,1
18905,1
4613,1
119010,1
63121,1
67681,1
177798,1
82346,1
45352,1
109964,1
239882,1
152650,1
235914,1
225339,1
62028,1
199582,2
108176,1
73222,1
79579,1
168629,1
194455,1
212445,1
131508,1
114839,1
174559,1
3220,1
239545,1
178400,2
45917,1
215297,2
213841,1
158787,1
199462,1
201138,1
19918,1
232947,1
68534,1
236358,1
158738,1
170213,1
32798,1
226083,1
236651,3
24286,1
88580,1
6537,1
147154,1
59280,1
161321,1
18563,3
207168,3
38606,1
47143,1
57663,2
138187,0
153876,1
173864,1
197109,1
250284,1
219737,1
28318,1
213997,1
147410,1
6155,1
140928,1
57992,1
135158,3
107619,1
85175,2
80864,1
63665,1
205277,1
195644,1
211403,2
177227,2
45062,1
59350,1
95991,1
182583,1
100903,1
167309,3
109252,1
41147,1
130482,1
202030,1
86999,1
24195,1
28689,1
165528,1
214313,1
55716,1
135951,1
229809,1
232914,1
220277,1
180042,0
251831,1
239142,1
158700,1
10791,1
27607,1
212031,1
227431,1
19835,1
118093,1
140323,1
177085,1
30390,1
237600,1
237319,1
79420,1
42540,1
197353,1
109563,1
243590,2
33659,1
112479,1
128363,2
33862,1
136398,1
216086,1
132834,1
160588,1
18850,1
139673,1
157728,1
55376,1
113365,0
2138,1
136363,1
43464,1
90550,1
63401,1
176952,1
33735,3
219438,1
127967,1
216253,1
33400,1
20783,1
188113,1
21757,1
37140,1
37181,1
95708,1
17991,1
248337,1
212807,3
251508,1
128289,1
49995,1
251758,1
142264,1
40554,1
239679,1
31439,0
84611,1
121073,1
90620,1
117524,1
206471,1
127456,1
176941,1
109029,1
214940,1
127575,1
142679,2
101707,1
54329,1
34243,1
75576,3
119109,1
213185,1
155351,1
241785,1
135161,1
118924,1
139726,1
227730,1
72030,1
130749,1
226096,1
137131,1
121460,1
101540,1
92371,1
192059,1
188130,1
62702,1
83112,1
190102,1
119245,1
41651,1
240171,1
133978,1
55660,1
184812,1
166984,3
34614,1
147827,1
229376,3
105108,0
251821,1
173699,1
161385,1
228594,1
86738,1
107711,1
149647,1
53101,1
197239,1
170925,1
248438,1
185067,1
32372,1
4082,1
139475,1
54996,1
23256,1
238327,1
79600,1
222974,1
162387,1
215165,1
24795,3
41455,1
62687,1
71226,1
103876,1
225663,3
30854,1
180837,1
134452,1
122917,1
240532,1
216876,1
210059,1
6500,3
217925,0
92281,1
137600,0
51196,1
167154,1
77542,1
146554,1
155547,1
170959,1
122711,1
231511,0
177069,1
71964,1
187184,1
172978,3
147363,1
14424,1
165981,1
208919,1
9199,1
224725,1
215610,1
213250,1
242343,1
157021,1
87970,1
252407,2
149617,1
102289,1
85761,1
53910,1
1764,1
186182,1
132426,1
41868,1
55522,1
73881,1
165572,1
146002,1
208368,2
113197,1
27815,1
147163,1
52676,1
148966,1
25320,1
102030,1
238963,1
93273,1
75166,3
105535,1
240651,1
45966,3
32041,1
76889,1
87344,1
82046,1
141508,1
12902,1
148448,1
49320,1
198914,1
136376,1
129777,1
57432,1
64301,1
191216,1
181364,1
84760,1
126185,1
97455,1
65104,1
13398,1
106104,2
169117,0
17632,1
194620,1
24407,1
8606,1
155558,1
110444,1
63760,1
205540,2
42901,1
103336,1
145181,3
60622,1
954,1
208911,1
112866,1
37022,1
131665,1
153551,1
18190,1
7330,1
230480,1
26707,1
133801,1
169620,1
141065,1
74686,1
241912,1
113895,1
170812,1
191400,0
59897,1
191329,1
19953,1
209721,1
75904,3
165340,1
213907,0
108376,1
8931,1
222260,1
164728,1
35593,1
222177,1
248964,1
116950,1
208378,1
164003,1
239353,1
47389,1
71350,2
225493,2
8921,1
240569,0
21911,1
142868,1
60509,1
215270,2
118677,1
9809,1
189761,1
44230,1
57212,1
34892,1
233384,1
63951,1
16563,1
158715,1
226362,1
18419,1
83347,3
89770,1
46186,3
29668,1
252658,1
224063,1
212341,3
117133,1
49026,1
121291,1
27406,3
58930,1
216467,0
138637,1
41681,1
57953,1
40352,1
176948,1
230514,1
76801,1
30672,1
158480,1
84832,1
168822,1
120806,3
181124,1
123103,2
45931,1
187826,1
89181,1
132575,1
68502,1
86323,1
111310,1
68893,1
118111,1
100199,1
128313,1
207434,1
66934,1
245710,1
244321,1
117218,1
198413,0
246791,1
155980,1
119515,1
111000,1
63633,1
182800,1
108226,1
11512,1
221254,1
41693,1
214981,1
1853,1
30542,1
44716,1
22353,1
137351,1
212527,3
34863,1
229160,1
211490,1
127681,3
100936,1
211105,1
20129,1
139508,2
36121,1
84678,1
111328,1
217567,1
146871,1
125760,1
15538,1
71584,1
46961,1
227048,1
100189,1
158782,1
159972,1
201265,1
65905,1
92650,1
131209,1
62477,1
18106,1
49722,1
172540,1
229636,1
230389,0
30546,1
162589,1
128190,0
252146,1
197752,1
249406,1
15653,1
131741,2
237349,1
150643,1
13719,1
108303,3
211186,1
165677,1
140834,1
168632,0
82225,2
230266,1
128434,1
1109,1
59464,1
184534,1
30679,1
197821,1
147280,1
114747,1
204352,1
196028,1
103404,1
37028,3
204798,1
230589,1
200996,1
199942,1
13030,1
17008,1
34665,0
173384,1
151962,1
46878,1
67991,1
39663,1
9254,1
121366,1
113030,1
219114,1
202294,0
211570,3
242578,1
4832,3
131386,1
21700,1
66014,1
9237,1
194306,1
82301,1
199373,1
141047,1
237877,1
185206,1
218274,1
238535,1
186697,1
110834,1
58815,1
245062,1
11936,1
107863,1
141361,1
132938,1
11806,1
224898,1
78949,1
234607,1
162213,0
122503,1
241279,1
41169,1
125980,3
239069,0
55494,1
137299,2
125435,1
167277,1
73999,1
181504,1
40336,1
58003,1
5985,1
16809,1
142107,2
1624,1
124673,1
116925,1
39259,1
147153,1
167959,2
12393,1
207550,0
245635,1
175475,1
206362,1
148405,1
168020,1
97267,1
220133,1
109289,1
162150,1
148445,0
30459,1
24436,1
248080,1
31730,1
208197,3
106636,1
161242,1
219505,1
157144,1
84994,1
110617,1
232874,2
31708,1
169803,1
209801,1
200310,1
173243,1
137291,1
237115,2
199751,1
68889,1
142257,1
84602,2
240627,1
196427,1
71948,1
113160,1
224789,1
162202,1
170051,1
194882,1
67268,1
180264,1
245398,1
240768,1
245803,1
18813,1
87848,1
229881,3
169935,1
94282,1
37174,1
189415,2
70234,1
133401,1
5977,1
139129,1
173663,1
2633,1
76588,0
45034,1
252712,1
167253,1
16121,1
234277,1
133019,1
99023,1
187701,1
234311,1
222645,1
69780,1
52490,1
198595,1
10308,1
119306,1
79640,1
39594,1
81832,1
218072,1
116407,1
223896,1
51388,1
61937,0
45063,1
25716,0
138815,1
248673,1
223880,1
94986,1
239231,1
220721,1
217503,1
114459,1
156642,1
109250,1
204195,2
174075,1
196467,1
41703,1
199515,1
150108,1
85238,1
151093,1
125837,1
220142,1
110924,3
167395,1
57064,1
172306,1
198222,1
208097,1
11256,1
233889,1
161425,1
232939,1
3054,0
2563,1
76903,1
94928,3
136070,1
29656,1
36140,1
123922,1
72915,1
132444,1
138102,1
164214,1
167836,1
213864,3
233960,1
85875,1
15613,1
29434,1
187293,1
37749,1
190805,1
209204,1
58566,1
21126,1
132619,3
84725,1
82270,1
117086,1
158668,1
155416,1
61302,0
26177,1
148615,3
181466,1
82393,1
16140,1
172634,1
179197,1
59246,1
159142,1
248614,1
232288,1
221546,1
1994,1
222373,1
17990,1
135021,1
231185,1
225093,1
46465,1
69877,1
217264,1
27245,1
216469,1
178291,1
80492,2
182950,1
15192,1
46288,1
136003,1
203918,1
52264,3
98712,1
209318,1
116762,1
209996,1
237946,1
202484,0
188480,1
158445,2
102782,1
178503,1
168169,1
170887,1
92463,1
154460,3
155987,1
30774,1
127857,1
198210,1
242834,1
154209,1
76923,0
29839,1
113208,1
94491,1
15749,1
157533,3
173569,1
212661,1
186158,1
159558,1
19393,2
76351,1
213607,1
187565,1
69198,1
43344,1
36134,2
38475,1
42117,1
35354,1
92929,1
59618,1
87660,3
241817,1
134709,3
152327,1
42565,3
138377,3
64955,1
128646,1
78539,0
173807,1
53097,1
18677,1
244080,1
242282,1
106179,1
186225,1
16185,0
41443,1
132845,1
166135,1
87368,0
5693,1
178082,1
100929,1
5317,1
109282,1
63937,1
98998,1
80605,1
115226,0
87845,1
6348,1
63520,1
171386,1
134631,1
229043,1
108328,1
78096,2
238772,1
117915,1
44354,1
45616,1
98748,1
224685,3
125674,1
151036,2
118455,1
124785,3
36415,1
90574,1
2388,1
12165,1
31805,1
203531,1
205947,1
111152,1
249163,1
55527,1
116674,1
188975,1
72865,1
1943,1
235617,1
177517,1
123205,1
228441,1
138272,1
230085,1
130142,1
181976,1
124902,1
92588,1
188483,1
19572,1
13550,1
90181,1
154657,1
166260,1
215443,1
180543,2
63752,2
23754,0
17654,1
13647,3
236039,1
41071,1
190097,1
188819,1
40586,1
135346,1
76811,1
108445,1
101002,2
155777,1
168019,1
230163,2
204495,1
116024,1
69173,1
176581,1
12445,1
113127,1
197696,1
208620,1
76423,3
28780,1
54243,1
189609,1
115100,1
187283,1
157147,1
89234,1
147018,1
133400,1
155255,1
148257,3
79836,1
168528,1
239330,1
49463,1
163782,1
57069,1
54105,1
97524,2
176413,1
193863,1
351,1
174577,1
18131,1
251219,1
167034,3
202597,1
135350,1
247820,1
223703,1
64721,1
64037,1
58602,1
58341,1
153143,1
106839,1
144540,1
21348,1
37266,0
78783,1
16754,0
120192,1
240149,1
14911,1
31724,1
227520,1
10828,1
18116,1
190078,1
26663,0
117506,1
219582,1
228406,1
13640,2
229915,2
76311,1
72899,1
45553,1
209340,1
43962,1
163968,1
21806,1
133081,1
227171,3
206751,1
191345,3
236396,3
105563,1
147588,1
176049,1
12789,1
134894,1
171831,2
200844,1
41955,1
218139,1
203627,1
240802,1
117406,1
24736,1
202697,1
165620,1
226787,1
193613,2
63034,1
96718,1
103741,1
6633,1
129049,1
34335,1
223588,1
235098,1
16463,1
73270,0
6188,1
96162,1
19768,1
24227,1
39444,1
150844,1
10508,1
11762,1
150317,1
117723,1
105040,1
63597,1
119177,1
232533,1
78932,1
131143,1
20718,3
43945,1
102623,1
57444,1
126527,1
201563,1
11895,1
208912,1
50987,1
68634,1
180578,2
121329,1
48822,1
62299,1
215056,1
227259,1
110166,1
124991,2
107762,1
134427,1
179539,0
35730,1
91138,3
211833,1
40437,1
232607,1
130455,1
243430,1
231462,1
113489,1
51646,1
97020,1
252979,1
75075,1
1416,1
41544,1
60111,1
47970,1
41373,1
242813,1
111598,1
165136,0
216396,1
16881,1
190992,1
225576,2
171300,1
132043,1
250658,1
46024,1
220237,1
85686,1
128786,1
39700,1
186867,1
166907,1
169926,1
204702,1
215291,1
230382,1
49990,1
176372,1
3694,1
148078,1
239397,1
224567,1
115077,1
222619,1
151801,1
246034,1
166838,1
120348,1
229779,1
65013,1
218208,1
230769,1
78364,1
128537,1
122050,1
200550,1
111538,1
123596,3
202573,1
102954,0
58744,1
208917,1
49955,0
93529,1
25082,1
119953,1
178894,1
234322,1
121455,1
62770,1
175350,1
13287,1
89974,1
72407,0
79153,1
124226,0
93682,1
225155,1
17579,1
11942,1
232688,1
97230,1
70012,0
16637,1
158966,0
135211,1
121032,1
199426,1
249930,1
192465,1
174764,1
52918,1
78821,3
31173,1
4795,1
110331,2
245311,1
200786,1
207098,1
46298,1
92483,1
167728,1
193095,1
127022,1
321,1
161169,1
210569,1
243447,0
87003,1
230354,1
67535,1
115615,0
233232,1
243365,1
172816,1
202567,1
24095,1
15393,1
62813,1
69215,1
127235,3
173519,1
125280,1
120000,1
197309,1
144215,2
22850,1
179874,0
48136,1
169608,1
245684,1
117468,1
91847,1
56816,0
181487,1
20489,1
101385,1
171043,1
119984,1
161993,1
79016,1
5902,1
19356,1
226098,1
52159,1
156035,2
53838,1
108580,1
133037,1
203666,1
244390,1
15593,1
6292,1
240374,1
163445,1
120563,1
147515,1
62488,1
219021,1
41040,1
174221,1
224721,1
46364,1
90865,1
788,1
2316,1
176866,1
25034,1
204943,1
155908,1
153692,2
63570,1
62020,1
148921,1
114868,1
25817,1
193319,1
44270,3
132149,1
228762,1
9954,1
172366,1
80893,1
243291,1
175355,1
230980,1
244075,1
81000,1
56375,1
201768,1
210820,1
234711,0
90239,1
5567,1
241652,1
33918,1
198528,1
78182,1
72699,1
14051,1
209876,1
62848,3
43546,1
58555,1
147849,1
189762,1
46952,1
45444,1
50760,1
118380,1
46641,1
121243,1
192541,1
221954,1
225188,1
61283,1
147791,1
13903,2
251780,1
99374,0
78145,1
251913,1
84427,1
166914,1
34406,1
239015,1
97176,1
52962,3
192862,1
103289,1
3291,1
152719,1
128582,1
98604,1
228485,1
11943,1
231258,1
36567,1
192556,2
69988,1
160983,1
98324,1
37285,1
104160,1
149592,1
96902,1
81032,1
199887,1
210068,1
29276,1
226193,1
242063,1
15061,1
37281,1
43946,1
233221,1
33148,1
160731,1
247760,1
151000,3
112589,1
175093,1
172868,1
77054,0
251563,1
2815,3
65660,1
193813,1
235025,1
76642,0
67977,1
16658,1
132764,1
37438,1
223589,1
9843,1
217784,1
74058,3
189972,1
117554,1
194199,1
233657,1
9330,1
165739,1
195479,1
36746,3
38905,1
203702,1
223432,0
229102,1
48890,1
187191,1
87505,1
241735,1
197631,1
253416,1
155788,1
199376,1
8615,1
130369,1
20802,1
93578,1
106336,1
212261,1
137749,1
20849,1
54522,1
59197,1
2340,1
50824,1
224353,1
178397,3
248748,1
188040,1
146868,2
18216,1
240912,1
128689,1
252908,1
195169,1
94590,1
40432,1
26673,1
151762,1
14660,1
223708,1
65253,1
211058,1
202171,2
119063,1
124797,1
100410,1
96826,1
148907,1
139846,1
2376,1
188954,1
165161,1
217332,1
208019,3
8687,1
203075,1
29901,1
133925,1
59359,1
119929,1
117831,1
56474,1
61650,1
146403,1
227517,1
209462,1
233872,1
199499,1
32773,1
230685,1
115477,2
216474,1
213902,1
170716,3
40292,3
115610,0
213069,1
20755,1
155617,1
232509,1
159384,1
69572,1
137919,1
147360,1
192881,2
20534,1
173278,1
103133,1
90263,1
69691,1
53104,1
7866,1
48593,1
244168,1
169727,1
162190,1
229634,1
234211,1
43178,1
252811,1
176184,1
95136,1
162453,1
222410,1
228732,3
36496,1
55064,3
181182,1
26007,1
59468,1
162838,1
155802,1
200467,1
57936,1
67901,1
179670,1
187539,1
119205,1
60502,2
48557,2
67460,1
37961,1
161968,1
184699,1
124611,1
218439,1
60550,1
123625,1
157560,1
109392,1
214376,1
58559,1
163601,1
218869,1
224762,1
86651,1
252432,1
31408,1
8838,2
1101,1
54718,1
150286,1
250585,1
138157,1
138660,1
227757,1
90332,1
58403,1
31893,1
202984,1
227556,1
57719,1
54688,1
243950,1
200651,1
28618,1
145532,1
52941,2
245032,1
185837,1
135808,1
132696,1
208769,1
150144,1
138233,1
20947,1
176398,1
205285,0
70683,1
57189,1
224038,1
251110,1
147204,1
202157,1
37351,1
2157,0
237207,1
99202,1
84429,1
41847,1
88063,1
143076,1
108481,1
143968,1
190073,3
245582,1
161908,1
14210,1
53408,1
215318,1
95452,1
41511,1
75653,1
111851,1
3963,1
35966,1
98413,2
107979,1
100735,3
64438,1
153425,3
250310,1
101533,1
182617,1
140200,1
60621,1
215112,1
173528,1
163922,1
123542,3
98502,1
232762,1
38696,1
235802,1
142152,1
41087,3
122929,1
135296,1
28977,1
80716,2
238558,1
52815,1
31690,1
92677,1
161885,1
120276,1
6172,1
17911,1
149555,1
145618,1
34324,1
226312,1
185833,1
191912,3
12357,1
219765,1
162045,1
34795,2
151677,1
69661,1
201272,1
16602,1
50028,1
191722,1
91240,1
142531,3
56649,1
76100,1
196663,1
235166,1
193125,1
222836,3
228484,1
167334,1
101681,1
142926,1
176812,1
232618,1
7294,1
195770,1
100943,1
216460,1
129914,1
113720,2
156969,1
34762,1
214777,1
249433,1
82526,1
22536,1
157918,1
102538,1
19739,1
222248,1
196408,1
202964,0
47459,1
1328,1
117094,0
28559,1
23947,1
66958,1
66367,1
185739,1
82491,1
70770,1
140408,1
208036,1
55024,1
5425,2
17500,1
123436,1
81885,1
119572,1
200083,1
161584,1
209289,1
227862,2
137390,1
32437,1
73765,1
196190,1
36666,1
131350,2
80281,1
126720,1
194088,1
125833,1
178357,1
120048,1
117348,1
134546,1
25283,3
160225,1
215445,1
114224,2
241519,1
149240,1
177260,1
111903,0
243598,1
114007,1
141119,1
156761,2
243274,1
75522,1
190843,1
244889,1
176670,1
208038,1
108332,1
10222,1
58237,1
242003,3
107331,1
171160,1
45719,1
82538,1
242131,2
156511,1
208395,2
176140,2
195073,1
108796,1
140365,1
217880,1
165272,1
14479,1
66190,1
23822,1
126867,1
183858,1
134953,1
210302,1
103529,1
65710,0
235406,1
238812,0
193088,1
101265,1
106736,1
184683,1
112229,2
56498,1
131062,1
140125,1
230767,1
129905,2
21054,1
148417,1
105089,1
112093,1
24213,1
127432,1
1182,1
210562,1
132789,1
107056,1
20065,1
118315,1
195905,1
168144,1
92717,1
77936,1
18365,1
56253,1
161166,1
40011,1
86659,1
227845,1
68480,1
181750,1
234127,1
10748,1
82831,1
195636,0
45905,1
179406,1
40490,1
89732,1
239864,1
50876,1
33429,1
109646,1
220668,1
35810,1
240306,1
229555,1
237581,1
88894,0
88831,1
220447,1
131967,1
225398,1
11648,1
11518,1
177202,1
17081,1
235592,1
134501,1
13694,1
31083,1
197876,1
32633,1
80728,1
129609,1
224743,1
109717,1
11759,1
201446,1
21368,1
72904,1
195642,1
169450,1
12118,1
29722,1
139069,1
5324,1
174419,1
93084,1
100382,1
50948,1
14928,1
86937,1
160459,1
19357,1
200895,1
20621,1
139356,1
32278,1
235208,1
172364,2
6987,1
182867,1
10438,1
220107,1
10472,1
11749,1
223535,1
159426,1
233122,2
99150,1
63555,2
9575,1
49851,1
188793,1
104914,0
16634,1
187827,1
107440,1
216379,1
117664,2
66568,0
43940,1
108809,1
23513,2
177210,1
247147,1
8306,1
93541,1
171839,1
78627,1
176034,1
216967,1
115776,1
143444,1
174078,1
251960,1
169788,1
210137,1
172127,1
153729,1
28407,1
197058,1
42735,1
207428,1
159358,1
115069,1
245436,1
136739,1
54231,1
212401,1
34960,1
34426,2
78325,1
139523,1
249560,1
145603,1
112795,1
113492,1
109580,1
229490,2
125854,1
91772,1
70731,2
122126,1
188017,1
20430,1
77884,1
36341,1
121861,1
156352,1
231224,1
23012,1
87538,1
244012,1
5090,1
35103,1
251598,1
62826,1
65304,2
135072,1
100799,1
54193,1
244457,1
247015,1
157100,1
182266,1
220792,1
94164,1
151621,1
140084,1
197443,1
239136,1
45142,1
40370,1
83423,1
13913,1
237388,1
241896,1
71419,1
131770,1
195779,1
66817,2
242446,1
193735,1
249056,1
66552,1
19203,1
11010,1
117581,1
70684,1
114326,1
170125,1
117863,1
38940,1
35020,1
106631,1
219818,1
126500,1
25318,1
135796,1
245574,1
50991,1
171314,1
143010,1
8601,1
165968,1
153924,1
34336,2
17242,1
62585,1
205324,1
24803,1
149139,1
202833,1
228256,1
114611,1
215452,1
40872,1
236704,1
130502,1
131084,1
236904,1
229079,1
33098,1
223598,0
40466,1
108528,1
153072,1
130918,1
173304,1
129376,1
190392,2
105651,1
119596,1
203559,2
204166,1
119427,1
193777,1
40801,1
189774,2
18872,1
181577,1
231313,1
137737,1
238941,1
66441,1
219520,1
112575,1
194664,2
181558,1
161827,1
28907,1
118395,1
76575,1
253421,1
5298,1
30002,1
27470,3
27223,3
235148,1
113493,1
61498,2
238169,1
84181,1
30097,1
203589,1
252971,0
193457,3
73214,1
91129,1
182934,1
48849,1
79304,1
190600,1
170391,3
93540,1
60445,1
108200,3
154864,1
251755,1
175274,1
51759,1
177199,1
239031,1
147074,0
135792,1
252581,1
177858,1
224370,1
138122,1
228157,1
154906,1
220811,1
46156,1
145769,1
113374,1
119769,1
2341,1
239361,1
10448,1
93364,1
237429,1
155094,1
226686,1
107875,1
240580,1
234355,1
216166,1
148021,1
138103,1
108657,1
143719,1
182246,1
162516,1
100164,2
185857,1
58753,1
151728,1
124335,1
102712,1
158367,1
185680,0
1393,3
240221,1
217017,1
229240,1
88213,1
24643,1
23292,2
221789,1
45243,1
220212,1
61983,1
240522,1
126670,1
80098,1
10493,1
72614,1
61117,1
122663,1
98688,1
126126,1
74720,1
230998,0
16074,1
226804,1
179604,1
160783,1
160270,3
123292,1
227408,1
146042,1
142627,1
7143,1
46533,1
94847,1
179876,0
35226,2
239072,1
76109,1
235156,1
21615,1
130635,1
39100,1
155711,1
168127,1
199723,2
123088,1
94490,1
152632,2
6597,1
41579,1
49925,1
53799,1
58685,1
63763,1
129759,0
128756,2
148464,1
183129,1
195379,1
165643,3
168847,1
86674,1
71578,3
133306,1
217769,1
82030,3
148956,1
17560,1
221981,1
218155,1
100179,1
27742,1
146279,1
132925,1
72229,1
115241,1
178660,1
111499,1
17933,1
22333,1
12663,1
189765,1
96795,1
152859,1
249237,1
229436,1
82050,2
47518,1
245691,1
129954,1
242826,1
77844,3
47793,1
156744,1
131576,1
148175,1
249943,1
31268,1
103879,1
123949,1
226529,1
112005,1
194836,1
150950,1
42312,1
34605,1
128610,1
234823,1
179057,1
76345,3
15163,1
126863,1
1560,2
73119,1
38826,1
79607,1
189177,1
76632,1
79958,2
30778,1
66061,1
6059,1
253353,1
161834,1
251791,1
73348,1
250970,1
164855,1
49473,1
108203,0
9558,1
23993,1
99321,1
43334,1
141087,1
120691,1
248399,2
60470,1
212256,1
251601,1
25004,1
85635,1
161996,1
196606,1
112530,1
216615,1
190735,1
197199,1
223024,1
77410,1
247278,1
117238,1
85011,1
133383,1
9017,1
99573,1
871,1
204145,1
64304,1
37396,1
121365,1
6931,1
193577,1
53574,1
132863,1
35403,1
19753,1
234441,1
18797,1
251330,1
54079,1
130175,0
247405,1
15980,1
206520,1
12991,1
15544,1
181666,1
79319,1
94432,1
170318,1
55047,1
231882,1
23883,1
247875,1
81124,1
243829,1
159151,1
235651,1
164811,1
229225,1
237763,1
156385,1
142015,3
183132,0
53764,1
238561,1
174102,1
57542,1
121161,1
115327,0
244120,1
175218,1
226219,1
106098,1
5066,1
253377,3
90240,1
138331,1
169277,1
2695,0
124178,1
89209,1
179011,1
122802,1
185101,1
10106,1
175278,1
236268,1
215182,1
176782,1
66111,1
226815,1
129364,1
123917,1
174160,0
149158,1
74008,1
13858,1
68104,1
200616,1
235728,1
71184,1
2648,1
74459,1
96317,1
126313,1
69984,1
179129,1
133940,1
162686,1
170006,1
125028,1
234464,1
243144,1
92149,3
232174,1
126906,1
130043,1
207453,1
70810,1
121215,1
244718,1
57780,1
43737,1
168988,1
102896,1
86241,1
11941,1
60957,1
163845,1
192516,3
222976,1
162992,1
25244,1
45728,1
105005,1
6639,1
48251,1
53397,1
241286,1
140924,1
136074,1
206269,1
23195,1
215335,1
72859,1
38929,1
156394,1
121397,1
146319,2
87841,1
134050,1
40798,1
48125,1
202860,1
230820,1
108661,1
86382,1
20766,1
7429,1
235103,3
105350,1
183073,1
181800,1
105310,1
78921,1
58395,1
143240,0
30334,1
132481,1
153647,1
142689,1
79041,1
114942,1
129023,1
7520,1
24385,1
123034,1
211,1
188102,1
45735,1
189491,1
44318,1
52502,1
49673,1
182973,1
39490,1
230887,1
201562,1
204109,1
185023,1
52674,1
171370,1
119284,1
36004,1
32196,1
75843,1
151261,2
227429,1
154563,1
224053,1
45859,1
42251,1
19802,3
227334,1
5980,1
137373,1
158378,1
166087,1
241465,1
72336,1
32399,1
127270,1
173085,1
50234,1
221082,1
171483,1
3913,1
211527,2
68685,1
253653,1
209694,1
234863,1
18574,1
31864,1
2724,1
217007,1
57471,1
101673,1
66122,1
182189,1
187189,1
198052,0
76783,1
157537,2
198996,1
14696,1
244500,1
138401,1
193190,3
172342,1
182054,1
35893,1
209878,1
17795,1
207652,2
171920,1
207290,1
14618,1
4039,1
45112,1
50735,1
124217,1
116698,1
231302,1
71603,1
8194,0
7141,1
87067,1
201509,1
132882,1
214663,1
206452,1
105638,1
129021,1
211879,1
24927,1
238467,3
62557,1
35290,1
202495,1
238049,1
133817,1
246243,1
37090,2
105427,1
91423,1
179244,1
54889,3
169991,1
50542,1
95108,2
123471,1
88436,1
8943,1
239739,3
132492,1
26516,1
189083,1
73236,1
37390,1
197203,1
37790,1
213507,1
233698,3
13327,1
26724,1
99474,1
109377,3
18719,2
231620,1
27801,1
40846,1
108422,1
10016,1
168488,1
177378,1
203566,1
156751,1
168010,1
145436,1
112803,1
14607,1
219849,1
179333,1
218862,1
253364,3
156500,1
116946,3
250980,3
224538,1
79080,1
119537,1
42224,1
196494,1
131463,1
219388,1
151154,0
27996,0
159817,1
43576,1
81614,1
40873,3
84385,1
190559,1
108054,1
24382,1
251687,1
185230,1
101877,1
176624,1
37523,1
83825,1
12308,1
194899,1
143143,1
248729,1
206147,1
98277,1
83129,1
37747,2
190636,1
95313,1
172196,1
148846,1
41724,1
38604,3
19453,1
231755,1
65314,1
56597,1
27826,2
200338,1
171914,2
191220,1
97466,1
69534,1
46284,1
13619,1
78836,1
113715,1
27853,1
141111,1
106029,2
224484,1
158049,1
72540,1
182221,1
88365,3
142359,1
68370,1
45445,1
109374,1
181725,1
77743,1
7398,1
97323,1
236849,1
103343,1
209678,1
141098,0
225446,1
216243,1
173526,1
125602,1
203347,1
183315,2
134540,2
95664,1
245924,1
154996,1
124508,1
46342,1
197110,3
186457,1
5388,1
151081,1
223242,1
216674,1
15354,1
153709,3
199259,1
210160,1
4946,1
329,1
209420,1
227761,1
36657,1
24859,1
145353,1
218693,1
119750,1
10671,1
1934,1
102256,1
660,1
60056,3
152844,1
17478,1
62187,1
19428,1
182106,1
121093,1
108053,1
18889,1
57024,1
118172,1
241681,1
133956,1
54779,0
227149,1
32220,1
173554,1
46368,1
96304,1
219413,1
24221,1
33053,1
47690,1
168679,1
83467,1
15319,0
135226,1
46430,1
100710,1
96927,1
241781,1
214582,1
718,1
158266,1
115994,1
79578,0
218666,1
97209,1
46801,1
196847,3
143257,1
17187,1
229876,1
165921,2
248931,1
251591,1
3049,0
235028,1
77488,1
182074,1
230675,1
2999,1
125617,1
15127,1
4065,1
239352,1
132484,1
100538,1
12615,1
61095,1
43112,1
146458,1
198621,1
162296,1
196728,1
197758,1
8939,1
36600,1
100077,1
99718,1
197757,1
93161,1
173949,1
245825,1
45064,1
90267,1
156217,1
144419,1
128380,1
178840,1
134473,0
149880,1
46398,1
154109,1
161041,1
81980,1
81281,1
201986,1
139314,1
212384,1
96235,1
194862,1
65915,1
107570,1
105670,1
208989,3
203717,1
177251,1
74015,1
123933,1
12136,1
32213,1
24494,2
104529,1
229023,1
68609,2
131598,1
964,1
235875,1
4022,1
74338,1
113364,1
7354,1
23383,1
34900,1
199404,1
208975,3
72262,1
104547,1
138403,1
181935,2
229846,1
102680,1
15340,1
28944,1
212623,1
168734,1
113586,1
47744,1
143739,1
238448,1
231347,1
31468,1
154063,1
137810,1
2842,1
113976,1
35359,1
122768,3
153607,1
13445,1
189618,1
36737,1
19415,1
247930,1
44786,1
211148,1
120458,1
130849,1
134941,1
23121,1
49658,1
39556,1
5858,3
232435,1
184430,1
168946,1
216820,1
49908,1
140220,1
111163,1
145723,1
187254,1
88489,1
232915,1
113119,1
243474,1
40688,1
62199,1
90339,1
72457,1
114238,1
220518,1
66716,1
145887,1
201287,1
139208,0
26869,1
78791,1
30588,1
190695,2
174616,1
80371,1
150173,1
32451,1
147852,1
57354,1
11972,1
158878,1
52983,1
86697,1
38952,1
185924,1
45455,1
18675,1
34244,2
32662,0
49633,1
32385,2
220658,1
26913,1
253056,1
139878,1
172476,1
118768,1
212095,1
53933,1
400,1
232634,1
189315,1
38522,1
67838,1
158341,1
78503,1
223045,1
166139,1
67861,1
154973,1
215901,1
134771,1
155293,1
184586,1
48588,1
169045,1
205915,1
174958,1
232231,1
43676,1
30095,1
97255,2
232760,1
248035,1
226143,1
124175,1
165216,1
90457,2
225301,1
239866,1
250369,1
79591,1
252892,1
182797,1
217692,1
245567,1
170917,1
233495,1
12510,1
188832,1
150886,1
57070,1
56286,1
210347,2
23142,1
192652,3
179323,1
107425,1
51858,2
115055,0
37274,1
206663,1
103895,1
127523,1
81711,1
117840,1
23583,1
63373,1
21890,1
234681,1
16317,1
195410,1
68271,0
145480,1
9481,1
142362,1
123866,1
42839,1
243150,1
29222,1
70764,1
224831,1
136056,1
5944,1
40275,1
200874,1
240042,1
44335,3
86138,1
132408,1
234481,1
56156,1
201524,0
20332,1
60786,1
216794,1
59731,1
230855,1
147988,1
140322,1
166719,2
135663,1
233184,1
160779,1
45270,1
191068,1
56979,1
130405,1
225998,1
168386,1
113355,1
58525,1
102054,1
2502,1
168912,1
64256,1
122385,3
221346,1
144001,1
76295,1
100261,1
107361,1
179107,1
226023,1
5439,1
34289,1
82501,1
245245,3
115644,1
109853,1
128843,1
225386,1
228714,1
206139,1
23285,1
148885,1
70280,1
155044,1
202231,0
170085,1
205139,1
182960,3
22257,1
104483,3
243788,1
214291,1
161826,1
173815,1
166644,1
124081,1
202721,1
4298,1
72475,1
147768,1
81990,1
96397,1
76010,1
117141,1
232673,1
222536,1
45790,2
209777,2
153713,1
250171,1
50850,1
4093,1
31839,1
120698,1
100536,1
12814,1
137515,1
148637,1
214510,1
83228,1
14112,1
90992,1
197052,1
221267,1
51752,1
87918,1
157758,1
182758,1
126437,1
231266,1
15047,3
27835,3
123180,1
20972,1
112624,1
223884,1
34205,1
126293,0
122434,1
111599,1
147713,1
63171,3
8558,1
235268,1
107886,2
4018,1
165781,1
136776,1
67164,1
226454,1
76541,1
180490,0
239741,1
46457,1
113934,1
159864,0
165352,1
151359,1
152284,1
155824,1
213406,3
88937,1
6031,1
40410,3
63822,1
187859,1
52859,1
146476,1
251157,1
179885,1
180422,1
85156,1
209296,1
61875,1
82698,3
189924,1
175706,2
57826,1
13452,1
220057,1
226869,2
95902,2
66763,1
28622,1
167940,1
41874,2
168603,1
195517,1
203796,1
249907,1
226412,1
55363,1
12169,1
80571,1
49882,1
37286,1
140239,3
251724,1
24397,1
181255,1
102444,1
81975,1
106456,1
31554,1
218977,1
48455,1
118634,1
97732,1
99213,1
29620,1
15643,1
3066,1
70725,1
221344,1
75943,1
91553,1
14819,1
56444,1
150551,1
64573,1
98405,1
7677,2
122657,1
68044,2
110300,1
138414,1
6274,1
170995,1
95921,1
118588,1
97652,1
145680,1
2827,1
83103,1
26525,3
207024,1
33362,1
248623,1
80023,1
17024,1
173943,1
20794,1
42569,1
184870,1
55888,1
237514,1
211692,1
220295,1
9521,1
203946,1
158483,1
7690,1
6046,0
212363,1
195813,1
103006,1
104144,1
89442,1
173956,1
125156,1
217208,1
23470,1
172965,0
124521,1
128998,1
113427,1
150142,1
55320,1
172410,1
189425,1
46439,1
119507,1
63213,1
133126,1
224663,1
56904,1
243372,1
51082,1
112964,1
223931,1
103491,2
220023,1
196219,1
36484,1
174931,1
242479,1
23487,1
74312,1
193121,1
243742,1
63582,1
230689,1
202560,0
51874,0
12924,1
50179,1
38198,1
75097,1
159485,1
205177,1
73021,1
81343,1
173235,1
166179,1
247982,1
10148,1
20514,1
243734,1
222718,3
41997,1
126333,1
250642,1
48006,1
150847,1
113614,1
79873,1
139632,1
124533,1
143592,1
89634,1
3063,1
110477,2
146532,1
54655,0
165858,1
193362,1
208200,1
89079,3
153418,1
107870,1
71893,1
165076,1
152957,1
77433,1
19349,1
250659,1
215559,1
35637,1
86922,1
33218,1
158609,1
17281,1
232446,1
43073,1
66861,1
216871,1
12886,1
59747,0
130444,1
40421,1
70951,1
150752,1
247312,1
126434,1
148671,1
120007,1
213143,0
220005,1
130476,1
95820,1
215434,1
121862,1
211684,1
92392,1
206002,3
48007,1
182475,1
26829,1
24882,0
224015,1
40741,1
103195,1
90108,1
145022,1
165270,1
134816,1
2268,1
33483,1
235528,1
59865,1
127450,1
76043,1
9489,1
221127,1
173443,2
206599,1
213801,1
201409,1
160877,1
118774,1
146806,1
146052,1
180126,1
91592,1
193933,1
222473,1
79604,2
217158,1
17930,1
95661,1
98492,1
49289,1
247130,1
214267,1
225676,2
146348,1
97659,1
44085,2
178859,3
178961,1
128664,2
74059,1
57657,1
173510,1
147459,1
248100,1
118098,1
33781,1
248301,1
8854,1
98227,1
133598,1
241370,3
138003,3
91886,1
10036,1
110044,1
189993,1
242395,0
127054,1
145795,1
60673,1
126064,1
90285,1
241608,3
28572,1
21717,2
183984,1
51799,1
7614,1
13864,1
93483,1
57974,1
79350,1
1090,1
136970,0
184940,1
193966,1
7158,0
79182,1
202622,1
247364,1
27459,1
23609,1
188093,1
188880,1
125847,3
108679,2
16885,1
71109,1
211056,1
34565,1
117232,1
65442,1
30456,1
196642,1
37222,1
100101,1
188595,1
132560,1
59409,1
133973,1
138274,1
127443,1
80712,1
210785,1
142843,1
162460,1
82869,1
182904,1
90330,1
42002,1
242841,1
209730,1
209739,1
239036,1
86301,1
81531,1
61923,0
95297,1
226909,1
42250,2
140956,1
118109,1
126321,2
62489,1
9942,1
131569,3
125235,1
218982,1
13816,1
183841,0
125415,1
136247,1
107802,1
235885,0
206006,1
46310,1
31258,1
218931,1
187651,1
238363,1
161248,1
101502,1
139814,3
53528,1
31016,1
193628,1
173560,1
176591,1
3749,1
237516,1
203473,1
128423,1
187555,0
80261,1
116553,1
162738,1
195965,1
238713,1
67472,1
5241,1
129432,1
168863,1
16441,3
159387,1
6343,3
75958,1
207673,1
151372,1
173617,1
192213,0
27218,1
200005,1
57680,1
114684,1
195831,1
12233,2
245637,1
208801,1
186731,1
211955,1
136835,3
189096,1
110459,1
88472,1
24915,0
143371,3
57612,3
109560,1
44965,1
5799,1
209873,1
48738,3
240303,3
218626,1
203524,3
242943,1
31183,1
101100,1
243297,1
116393,1
230172,1
118999,3
96749,1
195356,1
91904,1
201833,1
93192,1
58337,1
110518,1
219081,1
182716,1
127524,1
241213,1
93903,1
154503,0
241589,1
62642,0
188126,1
29981,1
3414,1
15156,1
114510,1
237518,1
82110,1
133269,3
197111,1
175512,1
12927,3
119487,1
168268,1
41400,1
55180,0
190597,1
62761,1
214887,1
45939,1
238443,1
12664,1
13681,1
91026,2
116137,1
56445,1
234619,1
12086,2
154098,1
31508,1
110059,1
24470,1
151799,1
146832,1
113434,1
69757,1
115543,1
178153,1
73124,1
175224,1
93229,1
3689,1
217418,1
242017,1
158591,1
106910,1
53249,1
1519,3
242189,1
251710,1
34935,3
103222,1
214949,1
137111,1
118252,1
119201,1
156876,1
61623,1
101840,1
33901,0
223996,1
24555,2
28264,1
90168,1
88126,1
30131,1
186028,3
212400,1
171710,1
108949,0
151443,3
90850,1
111966,0
137352,1
105448,1
148826,1
44250,1
70296,1
246168,0
98049,1
39416,1
150470,1
216131,1
252078,1
25719,1
169947,1
63630,1
109544,1
86397,1
7320,2
234346,1
221378,1
157595,1
123392,1
44839,1
216445,1
58500,1
119000,1
253487,1
64912,1
94463,1
127829,0
76817,1
44419,1
116945,1
145072,1
50423,1
7351,1
896,1
105895,1
141436,1
228509,2
108533,1
151351,1
224559,1
112912,1
15508,1
12716,1
20542,1
91573,3
210220,1
152511,1
48298,1
180710,1
166633,2
7355,1
238434,1
225480,3
4272,1
34223,1
205095,1
168874,1
83333,1
89496,1
219510,1
137036,1
31421,1
134561,1
208522,1
36036,1
169012,1
236425,3
99430,1
59511,1
234961,1
81190,1
6315,1
182816,1
111845,1
105085,1
57597,1
174768,3
44110,1
187304,1
210123,1
6660,0
202451,1
29082,1
224909,1
116203,1
120658,1
232818,1
167333,1
193737,1
145165,1
83473,1
141323,1
12091,1
107567,1
233104,1
198932,2
242645,1
156692,1
41687,1
206601,2
74557,1
78741,1
203744,1
25766,1
152210,1
59563,1
108824,1
154096,1
48837,1
47620,1
233172,1
114829,1
5326,1
106962,1
176105,1
253529,1
147394,1
154435,1
141415,1
235258,1
67277,1
211679,1
1059,1
102448,1
205197,1
195709,1
90598,1
59039,1
83869,1
151028,1
202098,1
170732,1
40771,1
102732,1
28144,1
64983,1
78090,1
113067,1
153605,1
251596,1
66654,1
215664,1
242944,1
149291,1
22049,1
197289,1
97420,1
225148,3
178135,1
170472,1
150420,1
97334,1
134294,1
139917,1
201158,1
236125,2
105378,1
47039,1
141444,1
251070,1
37894,1
175502,1
227180,1
45392,1
41289,1
35334,1
43458,1
131377,1
217870,0
207908,1
201854,1
172951,1
228596,1
207093,1
193439,1
131545,1
78657,1
130029,3
123348,3
105516,1
188838,1
148895,1
232777,1
141393,1
230052,1
136612,1
223858,1
248891,1
182697,0
173715,1
185502,1
64018,1
148754,1
20466,1
101900,1
81800,1
152434,1
104896,1
239992,1
92567,1
98614,1
87648,1
83357,1
30170,1
11359,1
149649,1
94462,1
60478,1
156300,1
53461,1
141430,1
171352,1
208512,1
232773,1
247314,1
220039,1
52407,1
238066,1
130574,1
172764,1
8699,1
176441,1
96301,1
51492,1
251769,1
63329,1
102962,1
38625,1
48522,1
87812,1
166221,1
68601,1
24681,1
179278,1
103298,1
209315,1
192813,1
80778,1
23242,1
38085,3
186890,1
11885,1
69338,1
60249,1
66971,1
68030,1
35684,1
81287,1
179389,2
32883,1
178534,1
116824,1
253521,1
217853,1
183566,1
181058,1
205837,1
78176,3
124295,1
177230,1
83368,1
102783,1
212203,1
42085,1
95931,1
209349,1
74946,1
224805,1
191612,1
150967,1
195492,1
248806,1
90870,1
217894,1
55112,1
201149,0
42638,1
161045,1
246518,1
102610,1
194930,1
163448,2
252086,1
16403,1
34853,1
82870,3
238338,1
42071,1
163098,3
104154,1
154905,2
169137,1
209072,1
70132,1
241848,1
220152,1
99068,1
107250,1
85606,1
11413,1
208933,3
61142,0
133641,3
37450,1
98894,1
193151,2
52599,1
136108,1
41843,1
31875,1
12,1
241668,1
246948,1
144231,1
124743,2
220314,1
120464,2
236757,1
12044,1
168237,1
127970,1
212903,1
8213,1
244518,1
131264,1
132205,1
37897,1
204952,3
133473,1
87,1
121871,1
87859,0
44862,1
206007,1
105211,2
252734,1
121174,1
112213,1
163703,1
113784,3
133384,1
214451,1
233935,1
199599,1
162515,1
93613,1
62208,1
160892,1
92772,1
148812,1
106132,1
245175,0
133284,1
112825,1
136508,1
160149,1
118856,1
77479,1
60766,1
73485,1
197943,1
174622,1
166060,1
159055,1
162763,1
212656,1
86756,2
20858,1
53435,1
248269,2
243673,1
44848,1
125445,1
101687,1
236656,1
110605,1
69139,1
5292,1
105844,1
159716,0
92489,1
151173,1
152682,3
222541,1
197892,1
20740,1
46226,1
116512,1
181847,1
202635,1
70035,3
42328,1
226947,1
141965,1
147382,1
107037,1
182549,0
107050,1
13753,1
8067,1
147831,1
155850,1
241950,1
139623,1
241937,1
97278,1
181608,1
119019,1
67477,1
124057,1
113505,1
66724,1
89853,1
182902,1
153414,1
104159,1
64719,1
122973,1
1707,1
115207,1
35016,1
207973,2
113751,1
92065,0
8546,1
202433,1
75188,1
53499,1
209577,1
47472,1
85215,1
125389,2
94137,1
3711,1
235089,1
205985,1
191058,1
153197,1
201221,1
223712,1
16302,1
136367,1
182515,0
160616,1
149603,1
56640,1
73822,1
229940,1
2321,1
78652,1
138986,0
160818,1
199925,1
248727,1
69768,1
162365,1
70315,1
50270,1
83649,1
96994,1
177676,1
87614,1
231561,1
95311,0
198161,1
73814,1
32046,1
96483,1
121864,1
180982,1
27536,1
252578,1
117971,1
145701,1
54435,0
99583,1
221401,1
163756,1
187141,1
170889,1
78708,1
178883,0
75150,1
148648,0
179320,1
247027,1
41374,1
244974,1
192041,1
169237,1
251861,0
169929,1
205956,1
246017,0
192697,1
68043,1
65751,1
49244,1
45429,1
185512,1
45247,1
153954,1
223560,1
21915,1
150127,3
153031,1
168248,1
31924,1
155422,1
48183,1
180224,1
79463,1
155209,1
203599,2
93947,1
192493,2
106822,1
17257,1
180358,1
182207,1
21564,1
6312,1
20613,1
116746,1
191362,1
151980,1
45473,1
79270,1
110701,0
62593,1
219997,1
195692,3
81361,1
8149,1
44963,1
228636,1
199057,1
159369,2
134401,1
200423,1
71869,1
170346,1
206745,1
214781,1
227225,1
182487,1
60925,1
20524,1
50443,0
149885,1
103640,1
20072,1
127064,1
74053,1
181162,1
197335,1
170836,1
1159,1
847,1
238257,1
50688,1
107217,3
235672,1
71310,1
156165,1
120439,1
104785,3
252203,1
53199,1
29926,1
219994,1
112161,1
220700,1
44740,1
145607,1
196818,1
59874,1
249637,1
173284,1
164075,1
243062,1
246045,1
15973,3
53658,1
193282,1
126819,1
9918,1
78562,1
210965,1
88606,1
174414,1
7278,1
6542,1
246352,1
114771,1
20118,1
230432,1
8227,2
175663,2
28065,2
22348,1
191306,1
134376,1
148205,1
61441,1
90199,1
117355,1
229218,1
58021,1
176176,1
459,1
28313,1
133056,1
23698,1
160535,1
249702,3
42401,1
93517,1
115533,1
46745,1
52248,1
141829,3
1687,1
147875,1
50150,1
237094,1
225932,1
1643,1
15272,1
55279,1
153184,1
220146,1
119603,1
46591,1
142892,1
130664,1
217987,3
114992,1
214278,1
109175,0
210893,1
86471,1
208699,1
235410,1
42979,1
195665,1
89184,1
24356,1
27471,1
105774,1
78500,1
154395,1
156959,1
126442,1
245644,1
147388,1
225190,1
126971,1
240993,1
250110,0
48209,1
75648,3
210284,1
161955,0
101166,1
4316,1
214825,1
24671,1
103555,1
223271,1
80518,1
236674,1
220798,1
184414,1
126242,1
102457,1
145803,1
235546,1
193791,1
106796,1
100141,1
141007,1
208186,1
168107,1
77209,2
72602,1
124487,1
78486,1
192212,1
146157,1
172747,3
176673,1
43502,1
103291,1
107432,0
194646,1
205062,1
182672,1
219500,1
220196,1
85254,1
183659,1
94576,2
233228,1
167651,1
147246,1
150954,3
243305,3
201869,1
86128,1
202392,1
189583,1
110905,1
219503,1
235334,1
205027,1
228823,1
108218,1
115167,1
34355,2
68377,1
29343,1
232327,1
34154,1
153378,1
156689,0
36821,3
229586,1
225721,1
206925,1
221907,3
108008,1
78758,1
85561,1
67204,1
244539,1
248537,1
14801,1
72993,1
13844,1
175015,1
187666,3
41297,1
102684,1
26490,1
16653,1
106223,1
128751,1
14960,1
80060,1
94765,1
247174,1
14430,1
85667,1
222382,1
159714,1
168100,1
214332,1
165932,1
82827,1
226573,1
241831,2
78782,1
226358,1
31281,1
73355,1
98068,1
156441,1
223397,1
58206,1
116244,1
74582,1
229467,1
31752,3
204305,3
241008,1
126699,1
247410,1
78646,1
68862,1
98678,1
72569,2
73009,1
1007,1
205047,1
122730,2
18967,1
32819,1
240130,1
106663,1
213353,1
70852,1
131121,0
98773,1
41900,1
4560,1
107574,1
67285,1
52512,1
209562,1
199203,1
172048,1
222520,1
17658,1
179232,1
199412,1
222872,1
29628,1
234077,1
13502,1
109297,1
191449,1
239220,0
102162,1
30752,1
25915,1
21349,0
67589,1
85362,1
127985,2
72990,1
36705,1
86657,1
97443,1
166639,1
39965,1
73202,1
102232,1
174284,1
204080,1
11505,1
57282,0
102152,1
216981,1
40936,1
205614,1
45249,1
203062,2
114812,1
178760,1
244581,1
4550,1
79013,1
43599,1
161489,1
165895,1
65907,1
235727,1
127138,1
164794,1
63218,1
147086,1
180468,1
116635,1
168213,1
213809,3
210428,1
68856,1
78918,1
245715,1
17953,1
90657,1
126275,1
242246,1
58756,1
73584,1
239313,1
101491,1
186239,1
245473,1
187179,1
5393,1
108544,1
173001,1
169761,2
164206,1
85651,3
68130,0
235809,1
67353,1
66359,1
25431,1
4607,1
1807,1
196875,1
234495,1
93549,1
96448,2
60462,1
204406,1
217525,1
145878,1
71440,1
179781,1
138302,1
226613,1
62703,1
204137,1
134190,1
191279,1
125644,1
226709,1
252094,1
209307,1
232438,1
6098,1
9140,1
59950,1
85499,1
179139,1
87449,1
113325,1
177508,1
212985,3
252118,1
79894,1
67718,1
123741,1
79847,2
167639,1
663,1
156729,1
181394,1
183275,2
18136,1
70096,1
44615,1
42162,0
227268,1
209382,1
93489,2
53575,1
124836,1
158140,1
215811,1
104380,1
12189,0
22618,2
859,1
230537,1
31019,1
216140,1
126939,1
250393,1
48496,1
18581,3
184385,1
249092,1
221499,1
189679,1
144939,1
61543,1
90398,1
15429,1
16383,1
114543,1
212474,1
20081,1
10874,1
237190,1
15000,1
59066,1
225754,1
86663,1
230068,1
152578,1
117056,1
55454,1
243983,1
225892,1
37857,1
195495,1
97824,1
58795,1
115007,1
101858,1
121661,1
124167,1
177868,1
117795,1
12881,1
57975,1
161599,1
225144,1
7112,1
99452,2
141156,1
221283,1
35858,1
115956,1
13955,1
113818,1
114032,1
7829,1
134943,1
197667,1
6607,1
209099,1
142817,1
2713,0
235298,1
250738,1
174437,1
70169,1
227822,1
46113,1
128900,1
143918,1
83977,1
72155,1
77483,1
57218,1
174364,1
241234,1
26179,1
189406,1
153294,1
212604,1
245820,1
42784,1
47004,1
61981,1
88161,1
88228,3
28303,1
239580,1
170394,3
137549,1
221416,1
189625,1
156346,1
237092,1
197747,1
79614,1
238109,1
107143,1
27239,1
102372,1
112804,1
137527,1
56391,2
161567,1
125990,0
120593,1
122843,1
170005,2
71617,1
105511,1
122969,2
139966,1
216723,1
140804,1
79125,1
3815,1
91449,1
169037,1
46717,1
80063,1
22899,1
26276,1
40996,1
235022,1
159203,1
209952,1
132150,1
141686,1
220452,1
144104,1
24712,2
72295,1
230115,1
175456,1
126532,1
86386,0
78653,1
43875,3
208287,1
64700,1
196705,1
91225,1
107113,1
241459,1
67794,1
240159,1
154916,1
67740,1
111037,1
14820,1
113368,1
239778,2
103856,1
217427,1
160117,1
246856,1
115620,1
165846,1
103462,1
129811,1
166606,1
165494,1
29005,1
187193,0
82210,1
134244,2
107034,1
126838,0
5748,1
229140,1
201232,1
123964,1
220218,1
150090,1
10656,1
104252,1
101281,2
164093,1
165378,1
15158,1
64114,1
307,1
169323,1
87763,1
233739,1
160416,1
141872,1
44413,1
27244,3
96959,1
216280,1
31383,1
127163,0
63342,3
211327,3
96572,1
175447,1
63420,2
153937,1
207599,1
238006,1
140869,0
234646,2
70402,1
100975,1
200554,0
85781,1
153616,1
19859,1
162183,3
197452,1
150683,1
45405,1
182028,1
43873,1
167847,1
89278,1
241713,1
133448,1
53732,1
30451,1
104892,1
243004,1
91401,1
196065,1
49088,1
246171,1
91879,1
101365,1
82257,1
112638,1
51662,1
225275,1
42400,2
34427,1
172708,1
75655,1
64285,1
5358,1
239926,1
129510,1
156160,1
104969,1
104850,1
136253,3
72316,1
41082,1
230928,1
125217,1
223443,1
231325,1
238828,1
3982,1
33128,1
108606,1
213172,1
126556,1
171417,1
249846,1
29875,1
162508,1
241751,1
233037,0
161862,1
225274,2
239772,1
249135,1
142373,1
186848,1
169351,1
95888,1
260,2
217739,1
128315,1
151789,1
191942,1
195674,1
232905,1
211546,3
235488,0
214222,1
54870,0
66703,1
135719,2
67532,1
160176,0
161429,1
2532,1
160875,1
13520,1
107264,2
224571,1
95186,1
240555,1
110691,3
233514,1
50190,1
208369,1
93643,1
11868,0
2113,1
125559,1
66858,1
41258,1
85988,2
56741,1
85471,1
8522,1
36358,1
105630,1
242143,1
200268,1
213769,1
29902,1
216738,1
200271,1
128018,1
102354,1
230642,1
200206,1
22587,1
173248,1
21851,1
76635,1
142322,1
47663,1
191787,1
100202,1
187595,3
152918,0
27445,1
133143,1
212427,1
106306,0
137285,1
168108,3
12750,1
66644,1
151167,1
59663,1
70497,1
226155,1
64452,1
239944,3
8576,3
125928,1
232472,1
150417,1
4767,1
39397,1
154480,1
145392,0
111781,1
179701,1
14519,1
154842,1
152396,1
156675,1
180554,1
140839,1
12865,2
176551,1
144309,1
51817,1
22311,1
86201,1
6893,1
98556,1
162096,0
105381,1
251816,1
164446,1
4129,1
95510,1
116256,1
93628,0
210784,1
239970,2
6281,1
170157,1
179842,1
298,1
125135,1
19127,1
216821,1
11194,1
15230,1
240697,1
90589,1
245196,2
226521,2
102625,2
54209,2
20161,1
63336,1
38559,1
96208,0
13522,1
139679,1
18121,1
87115,1
25206,1
132397,1
49831,1
116673,1
206568,3
200061,1
103349,1
128478,3
205535,3
57261,1
117753,1
124067,1
56604,1
248568,1
147822,1
15821,1
85012,1
191903,1
21196,1
49852,1
201914,1
64858,1
174957,3
186003,1
37303,1
30863,1
12359,2
66637,1
90961,0
16628,3
63179,1
85126,2
192370,1
10752,1
142623,1
196586,1
124903,1
6738,1
127447,1
28628,1
163994,1
137881,0
144742,1
112738,1
14298,1
121438,1
111563,1
161187,1
212444,3
135495,1
103650,1
14259,1
152565,1
217577,1
250508,1
60689,1
182042,1
239836,1
177053,1
80304,1
76079,2
162350,1
137381,1
33642,1
17088,1
146058,1
176958,1
71532,1
81791,1
182212,1
47735,3
53244,1
241742,1
207151,1
167235,1
239000,1
193048,1
108536,3
54440,1
19332,1
135342,1
458,1
105788,1
145249,1
23077,2
141915,1
50656,1
26168,1
99813,1
57460,1
252835,1
246194,1
192546,1
103328,1
92296,1
68291,1
41569,1
82705,1
127366,1
102314,1
20027,3
182793,1
239154,1
168780,1
155686,1
192216,1
12703,1
76921,1
134784,1
170885,1
227652,1
24609,1
64306,1
161742,1
138321,1
228801,1
104491,1
151308,3
16505,1
101504,1
251074,1
35821,1
169700,1
139642,1
59904,1
52261,1
148041,1
195703,1
247949,1
204797,1
145811,1
216726,1
168792,1
156272,1
187425,2
131745,1
34073,1
243993,1
161371,1
123171,1
111083,1
120328,1
232988,2
241127,3
42397,1
186542,1
67539,1
252207,1
13173,1
101386,1
16990,1
246956,1
211781,1
1460,1
101247,2
30231,1
57515,1
241940,1
73668,2
155658,1
218097,1
131619,1
46872,1
145422,0
175575,1
135926,1
225496,1
134523,1
236540,1
135553,1
87439,1
76688,1
185049,1
210023,1
251881,1
157453,1
73835,1
117184,1
34164,1
219904,1
203637,1
42267,1
173345,1
54420,1
249829,1
230581,1
34360,1
237100,1
156888,1
14067,1
155070,2
115563,3
178300,1
214693,1
106925,1
56099,1
125546,1
